2025-05-03 11:45:50,011 [Worker-8: Loading available Gradle versions] INFO  o.e.b.c.i.u.g.PublishedGradleVersions - Gradle version information cache is not available. Remote download required.
2025-05-14 09:36:41,276 [Worker-9: Loading available Gradle versions] INFO  o.e.b.c.i.u.g.PublishedGradleVersions - Gradle version information cache is out-of-date. Trying to update.
2025-05-14 17:37:28,496 [Worker-10: Loading available Gradle versions] INFO  o.e.b.c.i.u.g.PublishedGradleVersions - Gradle version information cache is up-to-date. Trying to read.
2025-05-14 17:37:35,875 [Worker-11: Updating Maven Dependencies] INFO  o.e.m.c.i.p.r.ProjectRegistryRefreshJob - org.eclipse.m2e.core.internal.project.registry.ProjectRegistryRefreshJob was canceled
2025-05-15 09:44:18,717 [Worker-11: Loading available Gradle versions] INFO  o.e.b.c.i.u.g.PublishedGradleVersions - Gradle version information cache is out-of-date. Trying to update.
2025-05-15 23:56:53,309 [Worker-11: Loading available Gradle versions] INFO  o.e.b.c.i.u.g.PublishedGradleVersions - Gradle version information cache is up-to-date. Trying to read.
2025-05-16 10:10:30,501 [Worker-8: Loading available Gradle versions] INFO  o.e.b.c.i.u.g.PublishedGradleVersions - Gradle version information cache is out-of-date. Trying to update.
2025-05-16 16:14:34,536 [Worker-1: Loading available Gradle versions] INFO  o.e.b.c.i.u.g.PublishedGradleVersions - Gradle version information cache is up-to-date. Trying to read.
2025-05-17 09:10:54,746 [Worker-10: Loading available Gradle versions] INFO  o.e.b.c.i.u.g.PublishedGradleVersions - Gradle version information cache is up-to-date. Trying to read.
2025-05-20 10:09:01,314 [Worker-9: Loading available Gradle versions] INFO  o.e.b.c.i.u.g.PublishedGradleVersions - Gradle version information cache is out-of-date. Trying to update.
2025-05-20 10:17:54,803 [ModalContext] INFO  o.e.m.c.i.e.AbstractTransferListenerAdapter - Downloading https://repo.maven.apache.org/maven2/org/apache/maven/archetypes/maven-archetype-quickstart/1.1/maven-archetype-quickstart-1.1.pom
2025-05-20 10:17:54,823 [ModalContext] INFO  o.e.m.c.i.e.AbstractTransferListenerAdapter - Downloaded https://repo.maven.apache.org/maven2/org/apache/maven/archetypes/maven-archetype-quickstart/1.1/maven-archetype-quickstart-1.1.pom
2025-05-20 10:17:54,859 [ModalContext] INFO  o.e.m.c.i.e.AbstractTransferListenerAdapter - Downloading https://repo.maven.apache.org/maven2/org/apache/maven/archetypes/maven-archetype-bundles/4/maven-archetype-bundles-4.pom
2025-05-20 10:17:54,865 [ModalContext] INFO  o.e.m.c.i.e.AbstractTransferListenerAdapter - Downloaded https://repo.maven.apache.org/maven2/org/apache/maven/archetypes/maven-archetype-bundles/4/maven-archetype-bundles-4.pom
2025-05-20 10:17:54,889 [ModalContext] INFO  o.e.m.c.i.e.AbstractTransferListenerAdapter - Downloading https://repo.maven.apache.org/maven2/org/apache/maven/archetype/maven-archetype/2.0-alpha-5/maven-archetype-2.0-alpha-5.pom
2025-05-20 10:17:54,898 [ModalContext] INFO  o.e.m.c.i.e.AbstractTransferListenerAdapter - Downloaded https://repo.maven.apache.org/maven2/org/apache/maven/archetype/maven-archetype/2.0-alpha-5/maven-archetype-2.0-alpha-5.pom
2025-05-20 10:17:54,922 [ModalContext] INFO  o.e.m.c.i.e.AbstractTransferListenerAdapter - Downloading https://repo.maven.apache.org/maven2/org/apache/maven/maven-parent/16/maven-parent-16.pom
2025-05-20 10:17:54,965 [ModalContext] INFO  o.e.m.c.i.e.AbstractTransferListenerAdapter - Downloaded https://repo.maven.apache.org/maven2/org/apache/maven/maven-parent/16/maven-parent-16.pom
2025-05-20 10:17:55,011 [ModalContext] INFO  o.e.m.c.i.e.AbstractTransferListenerAdapter - Downloading https://repo.maven.apache.org/maven2/org/apache/apache/7/apache-7.pom
2025-05-20 10:17:55,032 [ModalContext] INFO  o.e.m.c.i.e.AbstractTransferListenerAdapter - Downloaded https://repo.maven.apache.org/maven2/org/apache/apache/7/apache-7.pom
2025-05-20 10:17:55,085 [ModalContext] INFO  o.e.m.c.i.e.AbstractTransferListenerAdapter - Downloading https://repo.maven.apache.org/maven2/org/apache/maven/archetypes/maven-archetype-quickstart/1.1/maven-archetype-quickstart-1.1.jar
2025-05-20 10:17:55,091 [ModalContext] INFO  o.e.m.c.i.e.AbstractTransferListenerAdapter - Downloaded https://repo.maven.apache.org/maven2/org/apache/maven/archetypes/maven-archetype-quickstart/1.1/maven-archetype-quickstart-1.1.jar
2025-05-20 10:19:27,423 [Worker-45: Launching mavenrun-b198f106-dc35-4cdf-9fdb-102d5ee87c72] INFO  o.eclipse.m2e.core.internal.Bundles - getClasspathEntries(Bundle=org.eclipse.m2e.maven.runtime_3.9.900.20250220-2013 [637])
2025-05-20 10:19:27,426 [Worker-45: Launching mavenrun-b198f106-dc35-4cdf-9fdb-102d5ee87c72] INFO  o.eclipse.m2e.core.internal.Bundles - 	Entry: C:\Users\harsh\.p2\pool\plugins\org.eclipse.m2e.maven.runtime_3.9.900.20250220-2013
2025-05-20 10:19:27,426 [Worker-45: Launching mavenrun-b198f106-dc35-4cdf-9fdb-102d5ee87c72] INFO  o.eclipse.m2e.core.internal.Bundles - 	Entry: C:\Users\harsh\.p2\pool\plugins\org.eclipse.m2e.maven.runtime_3.9.900.20250220-2013\jars\aopalliance-1.0.jar
2025-05-20 10:19:27,426 [Worker-45: Launching mavenrun-b198f106-dc35-4cdf-9fdb-102d5ee87c72] INFO  o.eclipse.m2e.core.internal.Bundles - 	Entry: C:\Users\harsh\.p2\pool\plugins\org.eclipse.m2e.maven.runtime_3.9.900.20250220-2013\jars\guice-5.1.0.jar
2025-05-20 10:19:27,426 [Worker-45: Launching mavenrun-b198f106-dc35-4cdf-9fdb-102d5ee87c72] INFO  o.eclipse.m2e.core.internal.Bundles - 	Entry: C:\Users\harsh\.p2\pool\plugins\org.eclipse.m2e.maven.runtime_3.9.900.20250220-2013\jars\httpclient-4.5.14.jar
2025-05-20 10:19:27,426 [Worker-45: Launching mavenrun-b198f106-dc35-4cdf-9fdb-102d5ee87c72] INFO  o.eclipse.m2e.core.internal.Bundles - 	Entry: C:\Users\harsh\.p2\pool\plugins\org.eclipse.m2e.maven.runtime_3.9.900.20250220-2013\jars\httpcore-4.4.16.jar
2025-05-20 10:19:27,426 [Worker-45: Launching mavenrun-b198f106-dc35-4cdf-9fdb-102d5ee87c72] INFO  o.eclipse.m2e.core.internal.Bundles - 	Entry: C:\Users\harsh\.p2\pool\plugins\org.eclipse.m2e.maven.runtime_3.9.900.20250220-2013\jars\jansi-2.4.1.jar
2025-05-20 10:19:27,427 [Worker-45: Launching mavenrun-b198f106-dc35-4cdf-9fdb-102d5ee87c72] INFO  o.eclipse.m2e.core.internal.Bundles - 	Entry: C:\Users\harsh\.p2\pool\plugins\org.eclipse.m2e.maven.runtime_3.9.900.20250220-2013\jars\jcl-over-slf4j-1.7.36.jar
2025-05-20 10:19:27,427 [Worker-45: Launching mavenrun-b198f106-dc35-4cdf-9fdb-102d5ee87c72] INFO  o.eclipse.m2e.core.internal.Bundles - 	Entry: C:\Users\harsh\.p2\pool\plugins\org.eclipse.m2e.maven.runtime_3.9.900.20250220-2013\jars\maven-artifact-3.9.9.jar
2025-05-20 10:19:27,427 [Worker-45: Launching mavenrun-b198f106-dc35-4cdf-9fdb-102d5ee87c72] INFO  o.eclipse.m2e.core.internal.Bundles - 	Entry: C:\Users\harsh\.p2\pool\plugins\org.eclipse.m2e.maven.runtime_3.9.900.20250220-2013\jars\maven-builder-support-3.9.9.jar
2025-05-20 10:19:27,427 [Worker-45: Launching mavenrun-b198f106-dc35-4cdf-9fdb-102d5ee87c72] INFO  o.eclipse.m2e.core.internal.Bundles - 	Entry: C:\Users\harsh\.p2\pool\plugins\org.eclipse.m2e.maven.runtime_3.9.900.20250220-2013\jars\maven-compat-3.9.9.jar
2025-05-20 10:19:27,427 [Worker-45: Launching mavenrun-b198f106-dc35-4cdf-9fdb-102d5ee87c72] INFO  o.eclipse.m2e.core.internal.Bundles - 	Entry: C:\Users\harsh\.p2\pool\plugins\org.eclipse.m2e.maven.runtime_3.9.900.20250220-2013\jars\maven-core-3.9.9.jar
2025-05-20 10:19:27,427 [Worker-45: Launching mavenrun-b198f106-dc35-4cdf-9fdb-102d5ee87c72] INFO  o.eclipse.m2e.core.internal.Bundles - 	Entry: C:\Users\harsh\.p2\pool\plugins\org.eclipse.m2e.maven.runtime_3.9.900.20250220-2013\jars\maven-embedder-3.9.9.jar
2025-05-20 10:19:27,427 [Worker-45: Launching mavenrun-b198f106-dc35-4cdf-9fdb-102d5ee87c72] INFO  o.eclipse.m2e.core.internal.Bundles - 	Entry: C:\Users\harsh\.p2\pool\plugins\org.eclipse.m2e.maven.runtime_3.9.900.20250220-2013\jars\maven-model-3.9.9.jar
2025-05-20 10:19:27,428 [Worker-45: Launching mavenrun-b198f106-dc35-4cdf-9fdb-102d5ee87c72] INFO  o.eclipse.m2e.core.internal.Bundles - 	Entry: C:\Users\harsh\.p2\pool\plugins\org.eclipse.m2e.maven.runtime_3.9.900.20250220-2013\jars\maven-model-builder-3.9.9.jar
2025-05-20 10:19:27,428 [Worker-45: Launching mavenrun-b198f106-dc35-4cdf-9fdb-102d5ee87c72] INFO  o.eclipse.m2e.core.internal.Bundles - 	Entry: C:\Users\harsh\.p2\pool\plugins\org.eclipse.m2e.maven.runtime_3.9.900.20250220-2013\jars\maven-plugin-api-3.9.9.jar
2025-05-20 10:19:27,428 [Worker-45: Launching mavenrun-b198f106-dc35-4cdf-9fdb-102d5ee87c72] INFO  o.eclipse.m2e.core.internal.Bundles - 	Entry: C:\Users\harsh\.p2\pool\plugins\org.eclipse.m2e.maven.runtime_3.9.900.20250220-2013\jars\maven-repository-metadata-3.9.9.jar
2025-05-20 10:19:27,428 [Worker-45: Launching mavenrun-b198f106-dc35-4cdf-9fdb-102d5ee87c72] INFO  o.eclipse.m2e.core.internal.Bundles - 	Entry: C:\Users\harsh\.p2\pool\plugins\org.eclipse.m2e.maven.runtime_3.9.900.20250220-2013\jars\maven-resolver-api-1.9.22.jar
2025-05-20 10:19:27,428 [Worker-45: Launching mavenrun-b198f106-dc35-4cdf-9fdb-102d5ee87c72] INFO  o.eclipse.m2e.core.internal.Bundles - 	Entry: C:\Users\harsh\.p2\pool\plugins\org.eclipse.m2e.maven.runtime_3.9.900.20250220-2013\jars\maven-resolver-connector-basic-1.9.22.jar
2025-05-20 10:19:27,428 [Worker-45: Launching mavenrun-b198f106-dc35-4cdf-9fdb-102d5ee87c72] INFO  o.eclipse.m2e.core.internal.Bundles - 	Entry: C:\Users\harsh\.p2\pool\plugins\org.eclipse.m2e.maven.runtime_3.9.900.20250220-2013\jars\maven-resolver-impl-1.9.22.jar
2025-05-20 10:19:27,429 [Worker-45: Launching mavenrun-b198f106-dc35-4cdf-9fdb-102d5ee87c72] INFO  o.eclipse.m2e.core.internal.Bundles - 	Entry: C:\Users\harsh\.p2\pool\plugins\org.eclipse.m2e.maven.runtime_3.9.900.20250220-2013\jars\maven-resolver-named-locks-1.9.22.jar
2025-05-20 10:19:27,429 [Worker-45: Launching mavenrun-b198f106-dc35-4cdf-9fdb-102d5ee87c72] INFO  o.eclipse.m2e.core.internal.Bundles - 	Entry: C:\Users\harsh\.p2\pool\plugins\org.eclipse.m2e.maven.runtime_3.9.900.20250220-2013\jars\maven-resolver-provider-3.9.9.jar
2025-05-20 10:19:27,429 [Worker-45: Launching mavenrun-b198f106-dc35-4cdf-9fdb-102d5ee87c72] INFO  o.eclipse.m2e.core.internal.Bundles - 	Entry: C:\Users\harsh\.p2\pool\plugins\org.eclipse.m2e.maven.runtime_3.9.900.20250220-2013\jars\maven-resolver-spi-1.9.22.jar
2025-05-20 10:19:27,429 [Worker-45: Launching mavenrun-b198f106-dc35-4cdf-9fdb-102d5ee87c72] INFO  o.eclipse.m2e.core.internal.Bundles - 	Entry: C:\Users\harsh\.p2\pool\plugins\org.eclipse.m2e.maven.runtime_3.9.900.20250220-2013\jars\maven-resolver-transport-file-1.9.22.jar
2025-05-20 10:19:27,429 [Worker-45: Launching mavenrun-b198f106-dc35-4cdf-9fdb-102d5ee87c72] INFO  o.eclipse.m2e.core.internal.Bundles - 	Entry: C:\Users\harsh\.p2\pool\plugins\org.eclipse.m2e.maven.runtime_3.9.900.20250220-2013\jars\maven-resolver-transport-http-1.9.22.jar
2025-05-20 10:19:27,430 [Worker-45: Launching mavenrun-b198f106-dc35-4cdf-9fdb-102d5ee87c72] INFO  o.eclipse.m2e.core.internal.Bundles - 	Entry: C:\Users\harsh\.p2\pool\plugins\org.eclipse.m2e.maven.runtime_3.9.900.20250220-2013\jars\maven-resolver-transport-wagon-1.9.22.jar
2025-05-20 10:19:27,430 [Worker-45: Launching mavenrun-b198f106-dc35-4cdf-9fdb-102d5ee87c72] INFO  o.eclipse.m2e.core.internal.Bundles - 	Entry: C:\Users\harsh\.p2\pool\plugins\org.eclipse.m2e.maven.runtime_3.9.900.20250220-2013\jars\maven-resolver-util-1.9.22.jar
2025-05-20 10:19:27,430 [Worker-45: Launching mavenrun-b198f106-dc35-4cdf-9fdb-102d5ee87c72] INFO  o.eclipse.m2e.core.internal.Bundles - 	Entry: C:\Users\harsh\.p2\pool\plugins\org.eclipse.m2e.maven.runtime_3.9.900.20250220-2013\jars\maven-settings-3.9.9.jar
2025-05-20 10:19:27,430 [Worker-45: Launching mavenrun-b198f106-dc35-4cdf-9fdb-102d5ee87c72] INFO  o.eclipse.m2e.core.internal.Bundles - 	Entry: C:\Users\harsh\.p2\pool\plugins\org.eclipse.m2e.maven.runtime_3.9.900.20250220-2013\jars\maven-settings-builder-3.9.9.jar
2025-05-20 10:19:27,430 [Worker-45: Launching mavenrun-b198f106-dc35-4cdf-9fdb-102d5ee87c72] INFO  o.eclipse.m2e.core.internal.Bundles - 	Entry: C:\Users\harsh\.p2\pool\plugins\org.eclipse.m2e.maven.runtime_3.9.900.20250220-2013\jars\maven-shared-utils-3.4.2.jar
2025-05-20 10:19:27,430 [Worker-45: Launching mavenrun-b198f106-dc35-4cdf-9fdb-102d5ee87c72] INFO  o.eclipse.m2e.core.internal.Bundles - 	Entry: C:\Users\harsh\.p2\pool\plugins\org.eclipse.m2e.maven.runtime_3.9.900.20250220-2013\jars\org.eclipse.sisu.inject-0.9.0.M3.jar
2025-05-20 10:19:27,430 [Worker-45: Launching mavenrun-b198f106-dc35-4cdf-9fdb-102d5ee87c72] INFO  o.eclipse.m2e.core.internal.Bundles - 	Entry: C:\Users\harsh\.p2\pool\plugins\org.eclipse.m2e.maven.runtime_3.9.900.20250220-2013\jars\org.eclipse.sisu.plexus-0.9.0.M3.jar
2025-05-20 10:19:27,431 [Worker-45: Launching mavenrun-b198f106-dc35-4cdf-9fdb-102d5ee87c72] INFO  o.eclipse.m2e.core.internal.Bundles - 	Entry: C:\Users\harsh\.p2\pool\plugins\org.eclipse.m2e.maven.runtime_3.9.900.20250220-2013\jars\plexus-build-api-0.0.7.jar
2025-05-20 10:19:27,431 [Worker-45: Launching mavenrun-b198f106-dc35-4cdf-9fdb-102d5ee87c72] INFO  o.eclipse.m2e.core.internal.Bundles - 	Entry: C:\Users\harsh\.p2\pool\plugins\org.eclipse.m2e.maven.runtime_3.9.900.20250220-2013\jars\plexus-build-api-1.2.0.jar
2025-05-20 10:19:27,431 [Worker-45: Launching mavenrun-b198f106-dc35-4cdf-9fdb-102d5ee87c72] INFO  o.eclipse.m2e.core.internal.Bundles - 	Entry: C:\Users\harsh\.p2\pool\plugins\org.eclipse.m2e.maven.runtime_3.9.900.20250220-2013\jars\plexus-cipher-2.0.jar
2025-05-20 10:19:27,431 [Worker-45: Launching mavenrun-b198f106-dc35-4cdf-9fdb-102d5ee87c72] INFO  o.eclipse.m2e.core.internal.Bundles - 	Entry: C:\Users\harsh\.p2\pool\plugins\org.eclipse.m2e.maven.runtime_3.9.900.20250220-2013\jars\plexus-classworlds-2.8.0.jar
2025-05-20 10:19:27,431 [Worker-45: Launching mavenrun-b198f106-dc35-4cdf-9fdb-102d5ee87c72] INFO  o.eclipse.m2e.core.internal.Bundles - 	Entry: C:\Users\harsh\.p2\pool\plugins\org.eclipse.m2e.maven.runtime_3.9.900.20250220-2013\jars\plexus-component-annotations-2.1.0.jar
2025-05-20 10:19:27,431 [Worker-45: Launching mavenrun-b198f106-dc35-4cdf-9fdb-102d5ee87c72] INFO  o.eclipse.m2e.core.internal.Bundles - 	Entry: C:\Users\harsh\.p2\pool\plugins\org.eclipse.m2e.maven.runtime_3.9.900.20250220-2013\jars\plexus-interpolation-1.27.jar
2025-05-20 10:19:27,432 [Worker-45: Launching mavenrun-b198f106-dc35-4cdf-9fdb-102d5ee87c72] INFO  o.eclipse.m2e.core.internal.Bundles - 	Entry: C:\Users\harsh\.p2\pool\plugins\org.eclipse.m2e.maven.runtime_3.9.900.20250220-2013\jars\plexus-sec-dispatcher-2.0.jar
2025-05-20 10:19:27,432 [Worker-45: Launching mavenrun-b198f106-dc35-4cdf-9fdb-102d5ee87c72] INFO  o.eclipse.m2e.core.internal.Bundles - 	Entry: C:\Users\harsh\.p2\pool\plugins\org.eclipse.m2e.maven.runtime_3.9.900.20250220-2013\jars\plexus-utils-3.5.1.jar
2025-05-20 10:19:27,432 [Worker-45: Launching mavenrun-b198f106-dc35-4cdf-9fdb-102d5ee87c72] INFO  o.eclipse.m2e.core.internal.Bundles - 	Entry: C:\Users\harsh\.p2\pool\plugins\org.eclipse.m2e.maven.runtime_3.9.900.20250220-2013\jars\plexus-xml-3.0.1.jar
2025-05-20 10:19:27,432 [Worker-45: Launching mavenrun-b198f106-dc35-4cdf-9fdb-102d5ee87c72] INFO  o.eclipse.m2e.core.internal.Bundles - 	Entry: C:\Users\harsh\.p2\pool\plugins\org.eclipse.m2e.maven.runtime_3.9.900.20250220-2013\jars\wagon-file-3.5.3.jar
2025-05-20 10:19:27,432 [Worker-45: Launching mavenrun-b198f106-dc35-4cdf-9fdb-102d5ee87c72] INFO  o.eclipse.m2e.core.internal.Bundles - 	Entry: C:\Users\harsh\.p2\pool\plugins\org.eclipse.m2e.maven.runtime_3.9.900.20250220-2013\jars\wagon-http-3.5.3.jar
2025-05-20 10:19:27,432 [Worker-45: Launching mavenrun-b198f106-dc35-4cdf-9fdb-102d5ee87c72] INFO  o.eclipse.m2e.core.internal.Bundles - 	Entry: C:\Users\harsh\.p2\pool\plugins\org.eclipse.m2e.maven.runtime_3.9.900.20250220-2013\jars\wagon-http-shared-3.5.3.jar
2025-05-20 10:19:27,432 [Worker-45: Launching mavenrun-b198f106-dc35-4cdf-9fdb-102d5ee87c72] INFO  o.eclipse.m2e.core.internal.Bundles - 	Entry: C:\Users\harsh\.p2\pool\plugins\org.eclipse.m2e.maven.runtime_3.9.900.20250220-2013\jars\wagon-provider-api-3.5.3.jar
2025-05-20 10:19:27,436 [Worker-45: Launching mavenrun-b198f106-dc35-4cdf-9fdb-102d5ee87c72] INFO  o.eclipse.m2e.core.internal.Bundles - getClasspathEntries(Bundle=com.google.guava_33.4.6.jre [1056])
2025-05-20 10:19:27,437 [Worker-45: Launching mavenrun-b198f106-dc35-4cdf-9fdb-102d5ee87c72] INFO  o.eclipse.m2e.core.internal.Bundles - 	Entry: C:\Users\harsh\.p2\pool\plugins\com.google.guava_33.4.6.jre.jar
2025-05-20 10:19:27,437 [Worker-45: Launching mavenrun-b198f106-dc35-4cdf-9fdb-102d5ee87c72] INFO  o.eclipse.m2e.core.internal.Bundles - getClasspathEntries(Bundle=slf4j.api_2.0.17 [1048])
2025-05-20 10:19:27,438 [Worker-45: Launching mavenrun-b198f106-dc35-4cdf-9fdb-102d5ee87c72] INFO  o.eclipse.m2e.core.internal.Bundles - 	Entry: C:\Users\harsh\.p2\pool\plugins\slf4j.api_2.0.17.jar
2025-05-20 10:19:27,439 [Worker-45: Launching mavenrun-b198f106-dc35-4cdf-9fdb-102d5ee87c72] INFO  o.eclipse.m2e.core.internal.Bundles - getClasspathEntries(Bundle=jakarta.inject.jakarta.inject-api_1.0.5 [34])
2025-05-20 10:19:27,439 [Worker-45: Launching mavenrun-b198f106-dc35-4cdf-9fdb-102d5ee87c72] INFO  o.eclipse.m2e.core.internal.Bundles - 	Entry: C:\Users\harsh\.p2\pool\plugins\jakarta.inject.jakarta.inject-api_1.0.5.jar
2025-05-20 10:19:27,440 [Worker-45: Launching mavenrun-b198f106-dc35-4cdf-9fdb-102d5ee87c72] INFO  o.eclipse.m2e.core.internal.Bundles - getClasspathEntries(Bundle=jakarta.annotation-api_1.3.5 [29])
2025-05-20 10:19:27,441 [Worker-45: Launching mavenrun-b198f106-dc35-4cdf-9fdb-102d5ee87c72] INFO  o.eclipse.m2e.core.internal.Bundles - 	Entry: C:\Users\harsh\.p2\pool\plugins\jakarta.annotation-api_1.3.5.jar
2025-05-20 10:19:27,441 [Worker-45: Launching mavenrun-b198f106-dc35-4cdf-9fdb-102d5ee87c72] INFO  o.eclipse.m2e.core.internal.Bundles - getClasspathEntries(Bundle=org.apache.commons.cli_1.9.0 [74])
2025-05-20 10:19:27,442 [Worker-45: Launching mavenrun-b198f106-dc35-4cdf-9fdb-102d5ee87c72] INFO  o.eclipse.m2e.core.internal.Bundles - 	Entry: C:\Users\harsh\.p2\pool\plugins\org.apache.commons.cli_1.9.0.jar
2025-05-20 10:19:27,442 [Worker-45: Launching mavenrun-b198f106-dc35-4cdf-9fdb-102d5ee87c72] INFO  o.eclipse.m2e.core.internal.Bundles - getClasspathEntries(Bundle=org.apache.commons.commons-codec_1.16.0 [76])
2025-05-20 10:19:27,443 [Worker-45: Launching mavenrun-b198f106-dc35-4cdf-9fdb-102d5ee87c72] INFO  o.eclipse.m2e.core.internal.Bundles - 	Entry: C:\Users\harsh\.p2\pool\plugins\org.apache.commons.commons-codec_1.16.0.jar
2025-05-20 10:19:27,443 [Worker-45: Launching mavenrun-b198f106-dc35-4cdf-9fdb-102d5ee87c72] INFO  o.eclipse.m2e.core.internal.Bundles - getClasspathEntries(Bundle=com.google.guava.failureaccess_1.0.3 [1057])
2025-05-20 10:19:27,443 [Worker-45: Launching mavenrun-b198f106-dc35-4cdf-9fdb-102d5ee87c72] INFO  o.eclipse.m2e.core.internal.Bundles - 	Entry: C:\Users\harsh\.p2\pool\plugins\com.google.guava.failureaccess_1.0.3.jar
2025-05-20 10:19:27,451 [Worker-45: Launching mavenrun-b198f106-dc35-4cdf-9fdb-102d5ee87c72] INFO  o.e.m.i.launch.MavenLaunchDelegate - Run build in "C:\Users\harsh\AppData\Local\Temp\m2e-archetypeGenerator2050350576131503584":
2025-05-20 10:19:27,456 [Worker-45: Launching mavenrun-b198f106-dc35-4cdf-9fdb-102d5ee87c72] INFO  o.e.m.i.launch.MavenLaunchDelegate -  mvn  -DarchetypeGroupId=org.apache.maven.archetypes -DarchetypeArtifactId=maven-archetype-quickstart -DarchetypeVersion=1.1 -DgroupId=nit -DartifactId=cricket -Dversion=0.0.1-SNAPSHOT -Dpackage=com.nit.cricket -DoutputDirectory=C:\data\spring -Dstyle.color=always -U archetype:generate
2025-05-20 10:23:15,556 [Worker-43: Creating maven-archetype-quickstart] INFO  o.e.m.c.i.p.ProjectConfigurationManager - Collecting project info '/pom.xml' C:\data\spring\cricket\pom.xml
2025-05-20 10:23:16,169 [Worker-43: Creating maven-archetype-quickstart] INFO  o.e.m.c.i.l.LifecycleMappingFactory - Using org.eclipse.m2e.jdt.JarLifecycleMapping lifecycle mapping for MavenProject: nit:cricket:0.0.1-SNAPSHOT @ C:\data\spring\cricket\pom.xml.
2025-05-20 10:23:16,903 [Worker-43: Creating maven-archetype-quickstart] INFO  o.e.m.j.i.AbstractJavaProjectConfigurator - Adding source folder /cricket/src/main/java
2025-05-20 10:23:16,905 [Worker-43: Creating maven-archetype-quickstart] INFO  o.e.m.j.i.AbstractJavaProjectConfigurator - Adding resource folder /cricket/src/main/resources
2025-05-20 10:23:16,910 [Worker-43: Creating maven-archetype-quickstart] INFO  o.e.m.j.i.AbstractJavaProjectConfigurator - Adding source folder /cricket/src/test/java
2025-05-20 10:23:16,911 [Worker-43: Creating maven-archetype-quickstart] INFO  o.e.m.j.i.AbstractJavaProjectConfigurator - Adding resource folder /cricket/src/test/resources
2025-05-20 10:23:16,992 [Worker-43: Creating maven-archetype-quickstart] INFO  o.e.m.c.i.p.ProjectConfigurationManager - Imported and configured 1 project(s) in 1 sec
2025-05-20 10:23:17,535 [Worker-46: Building] INFO  o.a.m.s.f.DefaultMavenResourcesFiltering - skip non existing resourceDirectory C:\data\spring\cricket\src\main\resources
2025-05-20 10:23:17,540 [Worker-46: Building] INFO  o.a.m.s.f.DefaultMavenResourcesFiltering - skip non existing resourceDirectory C:\data\spring\cricket\src\test\resources
2025-05-20 10:26:34,746 [Worker-46: Building] INFO  o.a.m.s.f.DefaultMavenResourcesFiltering - skip non existing resourceDirectory C:\data\spring\cricket\src\main\resources
2025-05-20 10:26:34,751 [Worker-46: Building] INFO  o.a.m.s.f.DefaultMavenResourcesFiltering - skip non existing resourceDirectory C:\data\spring\cricket\src\test\resources
2025-05-20 10:26:50,769 [Worker-48: Building] INFO  o.a.m.s.f.DefaultMavenResourcesFiltering - skip non existing resourceDirectory C:\data\spring\cricket\src\main\resources
2025-05-20 10:26:50,773 [Worker-48: Building] INFO  o.a.m.s.f.DefaultMavenResourcesFiltering - skip non existing resourceDirectory C:\data\spring\cricket\src\test\resources
2025-05-20 10:27:24,753 [Worker-43: Building] INFO  o.a.m.s.f.DefaultMavenResourcesFiltering - skip non existing resourceDirectory C:\data\spring\cricket\src\main\resources
2025-05-20 10:27:24,755 [Worker-43: Building] INFO  o.a.m.s.f.DefaultMavenResourcesFiltering - skip non existing resourceDirectory C:\data\spring\cricket\src\test\resources
2025-05-20 10:27:27,926 [Worker-43: Building] INFO  o.a.m.s.f.DefaultMavenResourcesFiltering - skip non existing resourceDirectory C:\data\spring\cricket\src\main\resources
2025-05-20 10:27:27,929 [Worker-43: Building] INFO  o.a.m.s.f.DefaultMavenResourcesFiltering - skip non existing resourceDirectory C:\data\spring\cricket\src\test\resources
2025-05-20 10:27:30,438 [Worker-52: Building] INFO  o.a.m.s.f.DefaultMavenResourcesFiltering - skip non existing resourceDirectory C:\data\spring\cricket\src\main\resources
2025-05-20 10:27:30,442 [Worker-52: Building] INFO  o.a.m.s.f.DefaultMavenResourcesFiltering - skip non existing resourceDirectory C:\data\spring\cricket\src\test\resources
2025-05-20 10:28:28,069 [Worker-48: Building] INFO  o.a.m.s.f.DefaultMavenResourcesFiltering - Copying 0 resource from src\main\resources to target\classes
2025-05-20 10:28:28,073 [Worker-48: Building] INFO  o.a.m.s.f.DefaultMavenResourcesFiltering - Copying 0 resource from src\test\resources to target\test-classes
2025-05-20 10:28:37,987 [Worker-43: Building] INFO  o.a.m.s.f.DefaultMavenResourcesFiltering - Copying 0 resource from src\main\resources to target\classes
2025-05-20 10:28:37,991 [Worker-43: Building] INFO  o.a.m.s.f.DefaultMavenResourcesFiltering - Copying 0 resource from src\test\resources to target\test-classes
2025-05-20 10:31:07,208 [Worker-46: Building] INFO  o.e.m.c.i.l.LifecycleMappingFactory - Using org.eclipse.m2e.jdt.JarLifecycleMapping lifecycle mapping for MavenProject: nit:cricket:0.0.1-SNAPSHOT @ C:\data\spring\cricket\pom.xml.
2025-05-20 10:31:07,311 [Worker-46: Building] INFO  o.e.m.c.i.e.AbstractTransferListenerAdapter - Downloading https://repo.maven.apache.org/maven2/org/springframework/spring-context-support/6.2.7/spring-context-support-6.2.7.pom
2025-05-20 10:31:07,316 [Worker-46: Building] INFO  o.e.m.c.i.e.AbstractTransferListenerAdapter - Downloaded https://repo.maven.apache.org/maven2/org/springframework/spring-context-support/6.2.7/spring-context-support-6.2.7.pom
2025-05-20 10:31:07,349 [Worker-46: Building] INFO  o.e.m.c.i.e.AbstractTransferListenerAdapter - Downloading https://repo.maven.apache.org/maven2/org/springframework/spring-beans/6.2.7/spring-beans-6.2.7.pom
2025-05-20 10:31:07,363 [Worker-46: Building] INFO  o.e.m.c.i.e.AbstractTransferListenerAdapter - Downloaded https://repo.maven.apache.org/maven2/org/springframework/spring-beans/6.2.7/spring-beans-6.2.7.pom
2025-05-20 10:31:07,388 [Worker-46: Building] INFO  o.e.m.c.i.e.AbstractTransferListenerAdapter - Downloading https://repo.maven.apache.org/maven2/org/springframework/spring-core/6.2.7/spring-core-6.2.7.pom
2025-05-20 10:31:07,404 [Worker-46: Building] INFO  o.e.m.c.i.e.AbstractTransferListenerAdapter - Downloaded https://repo.maven.apache.org/maven2/org/springframework/spring-core/6.2.7/spring-core-6.2.7.pom
2025-05-20 10:31:07,439 [Worker-46: Building] INFO  o.e.m.c.i.e.AbstractTransferListenerAdapter - Downloading https://repo.maven.apache.org/maven2/org/springframework/spring-jcl/6.2.7/spring-jcl-6.2.7.pom
2025-05-20 10:31:07,451 [Worker-46: Building] INFO  o.e.m.c.i.e.AbstractTransferListenerAdapter - Downloaded https://repo.maven.apache.org/maven2/org/springframework/spring-jcl/6.2.7/spring-jcl-6.2.7.pom
2025-05-20 10:31:07,466 [Worker-46: Building] INFO  o.e.m.c.i.e.AbstractTransferListenerAdapter - Downloading https://repo.maven.apache.org/maven2/org/springframework/spring-context/6.2.7/spring-context-6.2.7.pom
2025-05-20 10:31:07,493 [Worker-46: Building] INFO  o.e.m.c.i.e.AbstractTransferListenerAdapter - Downloaded https://repo.maven.apache.org/maven2/org/springframework/spring-context/6.2.7/spring-context-6.2.7.pom
2025-05-20 10:31:07,515 [Worker-46: Building] INFO  o.e.m.c.i.e.AbstractTransferListenerAdapter - Downloading https://repo.maven.apache.org/maven2/org/springframework/spring-aop/6.2.7/spring-aop-6.2.7.pom
2025-05-20 10:31:07,532 [Worker-46: Building] INFO  o.e.m.c.i.e.AbstractTransferListenerAdapter - Downloaded https://repo.maven.apache.org/maven2/org/springframework/spring-aop/6.2.7/spring-aop-6.2.7.pom
2025-05-20 10:31:07,556 [Worker-46: Building] INFO  o.e.m.c.i.e.AbstractTransferListenerAdapter - Downloading https://repo.maven.apache.org/maven2/org/springframework/spring-expression/6.2.7/spring-expression-6.2.7.pom
2025-05-20 10:31:07,570 [Worker-46: Building] INFO  o.e.m.c.i.e.AbstractTransferListenerAdapter - Downloaded https://repo.maven.apache.org/maven2/org/springframework/spring-expression/6.2.7/spring-expression-6.2.7.pom
2025-05-20 10:31:07,587 [Worker-46: Building] INFO  o.e.m.c.i.e.AbstractTransferListenerAdapter - Downloading https://repo.maven.apache.org/maven2/io/micrometer/micrometer-observation/1.14.7/micrometer-observation-1.14.7.pom
2025-05-20 10:31:07,617 [Worker-46: Building] INFO  o.e.m.c.i.e.AbstractTransferListenerAdapter - Downloaded https://repo.maven.apache.org/maven2/io/micrometer/micrometer-observation/1.14.7/micrometer-observation-1.14.7.pom
2025-05-20 10:31:07,638 [Worker-46: Building] INFO  o.e.m.c.i.e.AbstractTransferListenerAdapter - Downloading https://repo.maven.apache.org/maven2/io/micrometer/micrometer-commons/1.14.7/micrometer-commons-1.14.7.pom
2025-05-20 10:31:07,662 [Worker-46: Building] INFO  o.e.m.c.i.e.AbstractTransferListenerAdapter - Downloaded https://repo.maven.apache.org/maven2/io/micrometer/micrometer-commons/1.14.7/micrometer-commons-1.14.7.pom
2025-05-20 10:31:07,696 [Worker-46: Building] INFO  o.e.m.c.i.e.AbstractTransferListenerAdapter - Downloading https://repo.maven.apache.org/maven2/org/springframework/spring-context-support/6.2.7/spring-context-support-6.2.7.jar
2025-05-20 10:31:09,887 [Worker-46: Building] INFO  o.e.m.c.i.e.AbstractTransferListenerAdapter - Downloaded https://repo.maven.apache.org/maven2/org/springframework/spring-context-support/6.2.7/spring-context-support-6.2.7.jar
2025-05-20 10:31:09,909 [BasicRepositoryConnector-repo.maven.apache.org-0-0] INFO  o.e.m.c.i.e.AbstractTransferListenerAdapter - Downloading https://repo.maven.apache.org/maven2/org/springframework/spring-beans/6.2.7/spring-beans-6.2.7.jar
2025-05-20 10:31:09,969 [BasicRepositoryConnector-repo.maven.apache.org-0-1] INFO  o.e.m.c.i.e.AbstractTransferListenerAdapter - Downloading https://repo.maven.apache.org/maven2/org/springframework/spring-context/6.2.7/spring-context-6.2.7.jar
2025-05-20 10:31:09,977 [BasicRepositoryConnector-repo.maven.apache.org-0-4] INFO  o.e.m.c.i.e.AbstractTransferListenerAdapter - Downloading https://repo.maven.apache.org/maven2/io/micrometer/micrometer-observation/1.14.7/micrometer-observation-1.14.7.jar
2025-05-20 10:31:10,319 [BasicRepositoryConnector-repo.maven.apache.org-0-2] INFO  o.e.m.c.i.e.AbstractTransferListenerAdapter - Downloading https://repo.maven.apache.org/maven2/org/springframework/spring-aop/6.2.7/spring-aop-6.2.7.jar
2025-05-20 10:31:10,319 [BasicRepositoryConnector-repo.maven.apache.org-0-3] INFO  o.e.m.c.i.e.AbstractTransferListenerAdapter - Downloading https://repo.maven.apache.org/maven2/org/springframework/spring-expression/6.2.7/spring-expression-6.2.7.jar
2025-05-20 10:31:11,731 [BasicRepositoryConnector-repo.maven.apache.org-0-4] INFO  o.e.m.c.i.e.AbstractTransferListenerAdapter - Downloaded https://repo.maven.apache.org/maven2/io/micrometer/micrometer-observation/1.14.7/micrometer-observation-1.14.7.jar
2025-05-20 10:31:11,739 [BasicRepositoryConnector-repo.maven.apache.org-0-4] INFO  o.e.m.c.i.e.AbstractTransferListenerAdapter - Downloading https://repo.maven.apache.org/maven2/io/micrometer/micrometer-commons/1.14.7/micrometer-commons-1.14.7.jar
2025-05-20 10:31:12,518 [BasicRepositoryConnector-repo.maven.apache.org-0-4] INFO  o.e.m.c.i.e.AbstractTransferListenerAdapter - Downloaded https://repo.maven.apache.org/maven2/io/micrometer/micrometer-commons/1.14.7/micrometer-commons-1.14.7.jar
2025-05-20 10:31:12,529 [BasicRepositoryConnector-repo.maven.apache.org-0-4] INFO  o.e.m.c.i.e.AbstractTransferListenerAdapter - Downloading https://repo.maven.apache.org/maven2/org/springframework/spring-core/6.2.7/spring-core-6.2.7.jar
2025-05-20 10:31:18,927 [BasicRepositoryConnector-repo.maven.apache.org-0-3] INFO  o.e.m.c.i.e.AbstractTransferListenerAdapter - Downloaded https://repo.maven.apache.org/maven2/org/springframework/spring-expression/6.2.7/spring-expression-6.2.7.jar
2025-05-20 10:31:18,944 [BasicRepositoryConnector-repo.maven.apache.org-0-3] INFO  o.e.m.c.i.e.AbstractTransferListenerAdapter - Downloading https://repo.maven.apache.org/maven2/org/springframework/spring-jcl/6.2.7/spring-jcl-6.2.7.jar
2025-05-20 10:31:19,313 [BasicRepositoryConnector-repo.maven.apache.org-0-3] INFO  o.e.m.c.i.e.AbstractTransferListenerAdapter - Downloaded https://repo.maven.apache.org/maven2/org/springframework/spring-jcl/6.2.7/spring-jcl-6.2.7.jar
2025-05-20 10:31:19,604 [BasicRepositoryConnector-repo.maven.apache.org-0-2] INFO  o.e.m.c.i.e.AbstractTransferListenerAdapter - Downloaded https://repo.maven.apache.org/maven2/org/springframework/spring-aop/6.2.7/spring-aop-6.2.7.jar
2025-05-20 10:31:22,419 [BasicRepositoryConnector-repo.maven.apache.org-0-0] INFO  o.e.m.c.i.e.AbstractTransferListenerAdapter - Downloaded https://repo.maven.apache.org/maven2/org/springframework/spring-beans/6.2.7/spring-beans-6.2.7.jar
2025-05-20 10:31:24,801 [BasicRepositoryConnector-repo.maven.apache.org-0-1] INFO  o.e.m.c.i.e.AbstractTransferListenerAdapter - Downloaded https://repo.maven.apache.org/maven2/org/springframework/spring-context/6.2.7/spring-context-6.2.7.jar
2025-05-20 10:31:26,813 [BasicRepositoryConnector-repo.maven.apache.org-0-4] INFO  o.e.m.c.i.e.AbstractTransferListenerAdapter - Downloaded https://repo.maven.apache.org/maven2/org/springframework/spring-core/6.2.7/spring-core-6.2.7.jar
2025-05-20 10:31:27,032 [Worker-46: Building] INFO  o.a.m.s.f.DefaultMavenResourcesFiltering - Copying 0 resource from src\main\resources to target\classes
2025-05-20 10:31:27,036 [Worker-46: Building] INFO  o.a.m.s.f.DefaultMavenResourcesFiltering - Copying 0 resource from src\test\resources to target\test-classes
2025-05-20 10:31:27,990 [Worker-48: Download sources and javadoc] INFO  o.e.m.c.i.e.AbstractTransferListenerAdapter - Downloading https://repo.maven.apache.org/maven2/org/springframework/spring-context-support/6.2.7/spring-context-support-6.2.7-sources.jar
2025-05-20 10:31:28,337 [Worker-48: Download sources and javadoc] INFO  o.e.m.c.i.e.AbstractTransferListenerAdapter - Downloaded https://repo.maven.apache.org/maven2/org/springframework/spring-context-support/6.2.7/spring-context-support-6.2.7-sources.jar
2025-05-20 10:31:28,345 [Worker-48: Download sources and javadoc] INFO  o.e.m.j.internal.DownloadSourcesJob - Downloaded sources for org.springframework:spring-context-support:6.2.7
2025-05-20 10:31:28,401 [Worker-48: Download sources and javadoc] INFO  o.e.m.c.i.e.AbstractTransferListenerAdapter - Downloading https://repo.maven.apache.org/maven2/org/springframework/spring-beans/6.2.7/spring-beans-6.2.7-sources.jar
2025-05-20 10:31:28,426 [Worker-54: Building] INFO  o.a.m.s.f.DefaultMavenResourcesFiltering - Copying 0 resource from src\main\resources to target\classes
2025-05-20 10:31:28,429 [Worker-54: Building] INFO  o.a.m.s.f.DefaultMavenResourcesFiltering - Copying 0 resource from src\test\resources to target\test-classes
2025-05-20 10:31:30,107 [Worker-48: Download sources and javadoc] INFO  o.e.m.c.i.e.AbstractTransferListenerAdapter - Downloaded https://repo.maven.apache.org/maven2/org/springframework/spring-beans/6.2.7/spring-beans-6.2.7-sources.jar
2025-05-20 10:31:30,114 [Worker-48: Download sources and javadoc] INFO  o.e.m.j.internal.DownloadSourcesJob - Downloaded sources for org.springframework:spring-beans:6.2.7
2025-05-20 10:31:30,149 [Worker-48: Download sources and javadoc] INFO  o.e.m.c.i.e.AbstractTransferListenerAdapter - Downloading https://repo.maven.apache.org/maven2/org/springframework/spring-context/6.2.7/spring-context-6.2.7-sources.jar
2025-05-20 10:31:33,407 [Worker-48: Download sources and javadoc] INFO  o.e.m.c.i.e.AbstractTransferListenerAdapter - Downloaded https://repo.maven.apache.org/maven2/org/springframework/spring-context/6.2.7/spring-context-6.2.7-sources.jar
2025-05-20 10:31:33,413 [Worker-48: Download sources and javadoc] INFO  o.e.m.j.internal.DownloadSourcesJob - Downloaded sources for org.springframework:spring-context:6.2.7
2025-05-20 10:31:33,527 [Worker-48: Download sources and javadoc] INFO  o.e.m.c.i.e.AbstractTransferListenerAdapter - Downloading https://repo.maven.apache.org/maven2/org/springframework/spring-aop/6.2.7/spring-aop-6.2.7-sources.jar
2025-05-20 10:31:34,689 [Worker-48: Download sources and javadoc] INFO  o.e.m.c.i.e.AbstractTransferListenerAdapter - Downloaded https://repo.maven.apache.org/maven2/org/springframework/spring-aop/6.2.7/spring-aop-6.2.7-sources.jar
2025-05-20 10:31:34,694 [Worker-48: Download sources and javadoc] INFO  o.e.m.j.internal.DownloadSourcesJob - Downloaded sources for org.springframework:spring-aop:6.2.7
2025-05-20 10:31:34,727 [Worker-48: Download sources and javadoc] INFO  o.e.m.c.i.e.AbstractTransferListenerAdapter - Downloading https://repo.maven.apache.org/maven2/org/springframework/spring-expression/6.2.7/spring-expression-6.2.7-sources.jar
2025-05-20 10:31:35,220 [Worker-48: Download sources and javadoc] INFO  o.e.m.c.i.e.AbstractTransferListenerAdapter - Downloaded https://repo.maven.apache.org/maven2/org/springframework/spring-expression/6.2.7/spring-expression-6.2.7-sources.jar
2025-05-20 10:31:35,226 [Worker-48: Download sources and javadoc] INFO  o.e.m.j.internal.DownloadSourcesJob - Downloaded sources for org.springframework:spring-expression:6.2.7
2025-05-20 10:31:35,260 [Worker-48: Download sources and javadoc] INFO  o.e.m.c.i.e.AbstractTransferListenerAdapter - Downloading https://repo.maven.apache.org/maven2/io/micrometer/micrometer-observation/1.14.7/micrometer-observation-1.14.7-sources.jar
2025-05-20 10:31:35,388 [Worker-48: Download sources and javadoc] INFO  o.e.m.c.i.e.AbstractTransferListenerAdapter - Downloaded https://repo.maven.apache.org/maven2/io/micrometer/micrometer-observation/1.14.7/micrometer-observation-1.14.7-sources.jar
2025-05-20 10:31:35,393 [Worker-48: Download sources and javadoc] INFO  o.e.m.j.internal.DownloadSourcesJob - Downloaded sources for io.micrometer:micrometer-observation:1.14.7
2025-05-20 10:31:35,470 [Worker-48: Download sources and javadoc] INFO  o.e.m.c.i.e.AbstractTransferListenerAdapter - Downloading https://repo.maven.apache.org/maven2/io/micrometer/micrometer-commons/1.14.7/micrometer-commons-1.14.7-sources.jar
2025-05-20 10:31:35,561 [Worker-48: Download sources and javadoc] INFO  o.e.m.c.i.e.AbstractTransferListenerAdapter - Downloaded https://repo.maven.apache.org/maven2/io/micrometer/micrometer-commons/1.14.7/micrometer-commons-1.14.7-sources.jar
2025-05-20 10:31:35,566 [Worker-48: Download sources and javadoc] INFO  o.e.m.j.internal.DownloadSourcesJob - Downloaded sources for io.micrometer:micrometer-commons:1.14.7
2025-05-20 10:31:35,641 [Worker-48: Download sources and javadoc] INFO  o.e.m.c.i.e.AbstractTransferListenerAdapter - Downloading https://repo.maven.apache.org/maven2/org/springframework/spring-core/6.2.7/spring-core-6.2.7-sources.jar
2025-05-20 10:31:38,937 [Worker-48: Download sources and javadoc] INFO  o.e.m.c.i.e.AbstractTransferListenerAdapter - Downloaded https://repo.maven.apache.org/maven2/org/springframework/spring-core/6.2.7/spring-core-6.2.7-sources.jar
2025-05-20 10:31:38,943 [Worker-48: Download sources and javadoc] INFO  o.e.m.j.internal.DownloadSourcesJob - Downloaded sources for org.springframework:spring-core:6.2.7
2025-05-20 10:31:38,977 [Worker-48: Download sources and javadoc] INFO  o.e.m.c.i.e.AbstractTransferListenerAdapter - Downloading https://repo.maven.apache.org/maven2/org/springframework/spring-jcl/6.2.7/spring-jcl-6.2.7-sources.jar
2025-05-20 10:31:38,996 [Worker-48: Download sources and javadoc] INFO  o.e.m.c.i.e.AbstractTransferListenerAdapter - Downloaded https://repo.maven.apache.org/maven2/org/springframework/spring-jcl/6.2.7/spring-jcl-6.2.7-sources.jar
2025-05-20 10:31:39,000 [Worker-48: Download sources and javadoc] INFO  o.e.m.j.internal.DownloadSourcesJob - Downloaded sources for org.springframework:spring-jcl:6.2.7
2025-05-20 10:32:04,200 [Worker-46: Building] INFO  o.a.m.s.f.DefaultMavenResourcesFiltering - Copying 0 resource from src\main\resources to target\classes
2025-05-20 10:32:04,204 [Worker-46: Building] INFO  o.a.m.s.f.DefaultMavenResourcesFiltering - Copying 0 resource from src\test\resources to target\test-classes
2025-05-20 10:32:52,385 [Worker-55: Building] INFO  o.a.m.s.f.DefaultMavenResourcesFiltering - Copying 0 resource from src\main\resources to target\classes
2025-05-20 10:32:52,390 [Worker-55: Building] INFO  o.a.m.s.f.DefaultMavenResourcesFiltering - Copying 0 resource from src\test\resources to target\test-classes
2025-05-20 10:33:17,548 [Worker-55: Building] INFO  o.a.m.s.f.DefaultMavenResourcesFiltering - Copying 0 resource from src\main\resources to target\classes
2025-05-20 10:33:17,552 [Worker-55: Building] INFO  o.a.m.s.f.DefaultMavenResourcesFiltering - Copying 0 resource from src\test\resources to target\test-classes
2025-05-20 10:35:28,330 [Worker-46: Building] INFO  o.a.m.s.f.DefaultMavenResourcesFiltering - Copying 0 resource from src\main\resources to target\classes
2025-05-20 10:35:28,334 [Worker-46: Building] INFO  o.a.m.s.f.DefaultMavenResourcesFiltering - Copying 0 resource from src\test\resources to target\test-classes
2025-05-20 10:36:15,644 [Worker-46: Building] INFO  o.a.m.s.f.DefaultMavenResourcesFiltering - Copying 0 resource from src\main\resources to target\classes
2025-05-20 10:36:15,650 [Worker-46: Building] INFO  o.a.m.s.f.DefaultMavenResourcesFiltering - Copying 0 resource from src\test\resources to target\test-classes
2025-05-20 10:36:26,737 [Worker-48: Building] INFO  o.a.m.s.f.DefaultMavenResourcesFiltering - Copying 0 resource from src\main\resources to target\classes
2025-05-20 10:36:26,741 [Worker-48: Building] INFO  o.a.m.s.f.DefaultMavenResourcesFiltering - Copying 0 resource from src\test\resources to target\test-classes
2025-05-20 10:36:35,385 [Worker-48: Building] INFO  o.a.m.s.f.DefaultMavenResourcesFiltering - Copying 0 resource from src\main\resources to target\classes
2025-05-20 10:36:35,388 [Worker-48: Building] INFO  o.a.m.s.f.DefaultMavenResourcesFiltering - Copying 0 resource from src\test\resources to target\test-classes
2025-05-20 10:36:38,634 [Worker-55: Building] INFO  o.a.m.s.f.DefaultMavenResourcesFiltering - Copying 0 resource from src\main\resources to target\classes
2025-05-20 10:36:38,637 [Worker-55: Building] INFO  o.a.m.s.f.DefaultMavenResourcesFiltering - Copying 0 resource from src\test\resources to target\test-classes
2025-05-20 10:36:53,461 [Worker-46: Building] INFO  o.a.m.s.f.DefaultMavenResourcesFiltering - Copying 0 resource from src\main\resources to target\classes
2025-05-20 10:36:53,464 [Worker-46: Building] INFO  o.a.m.s.f.DefaultMavenResourcesFiltering - Copying 0 resource from src\test\resources to target\test-classes
2025-05-20 10:37:04,777 [Worker-56: Building] INFO  o.a.m.s.f.DefaultMavenResourcesFiltering - Copying 0 resource from src\main\resources to target\classes
2025-05-20 10:37:04,779 [Worker-56: Building] INFO  o.a.m.s.f.DefaultMavenResourcesFiltering - Copying 0 resource from src\test\resources to target\test-classes
2025-05-20 10:38:00,557 [Worker-55: Building] INFO  o.a.m.s.f.DefaultMavenResourcesFiltering - Copying 0 resource from src\main\resources to target\classes
2025-05-20 10:38:00,560 [Worker-55: Building] INFO  o.a.m.s.f.DefaultMavenResourcesFiltering - Copying 0 resource from src\test\resources to target\test-classes
2025-05-20 10:38:58,901 [Worker-55: Building] INFO  o.a.m.s.f.DefaultMavenResourcesFiltering - Copying 0 resource from src\main\resources to target\classes
2025-05-20 10:38:58,904 [Worker-55: Building] INFO  o.a.m.s.f.DefaultMavenResourcesFiltering - Copying 0 resource from src\test\resources to target\test-classes
2025-05-20 10:40:25,379 [Worker-48: Building] INFO  o.a.m.s.f.DefaultMavenResourcesFiltering - Copying 0 resource from src\main\resources to target\classes
2025-05-20 10:40:25,382 [Worker-48: Building] INFO  o.a.m.s.f.DefaultMavenResourcesFiltering - Copying 0 resource from src\test\resources to target\test-classes
2025-05-20 10:40:41,028 [Worker-56: Building] INFO  o.a.m.s.f.DefaultMavenResourcesFiltering - Copying 0 resource from src\main\resources to target\classes
2025-05-20 10:40:41,033 [Worker-56: Building] INFO  o.a.m.s.f.DefaultMavenResourcesFiltering - Copying 0 resource from src\test\resources to target\test-classes
2025-05-20 10:40:46,307 [Worker-56: Building] INFO  o.a.m.s.f.DefaultMavenResourcesFiltering - Copying 0 resource from src\main\resources to target\classes
2025-05-20 10:40:46,312 [Worker-56: Building] INFO  o.a.m.s.f.DefaultMavenResourcesFiltering - Copying 0 resource from src\test\resources to target\test-classes
2025-05-20 10:41:11,968 [Worker-55: Building] INFO  o.a.m.s.f.DefaultMavenResourcesFiltering - Copying 0 resource from src\main\resources to target\classes
2025-05-20 10:41:11,971 [Worker-55: Building] INFO  o.a.m.s.f.DefaultMavenResourcesFiltering - Copying 0 resource from src\test\resources to target\test-classes
2025-05-20 10:41:31,603 [Worker-57: Building] INFO  o.a.m.s.f.DefaultMavenResourcesFiltering - Copying 0 resource from src\main\resources to target\classes
2025-05-20 10:41:31,607 [Worker-57: Building] INFO  o.a.m.s.f.DefaultMavenResourcesFiltering - Copying 0 resource from src\test\resources to target\test-classes
2025-05-20 10:41:38,760 [Worker-43: Launching Tain] INFO  o.a.m.s.f.DefaultMavenResourcesFiltering - Copying 0 resource from src\main\resources to target\classes
2025-05-20 10:41:38,763 [Worker-43: Launching Tain] INFO  o.a.m.s.f.DefaultMavenResourcesFiltering - Copying 0 resource from src\test\resources to target\test-classes
2025-05-20 10:42:01,812 [Worker-57: Building] INFO  o.a.m.s.f.DefaultMavenResourcesFiltering - Copying 0 resource from src\main\resources to target\classes
2025-05-20 10:42:01,816 [Worker-57: Building] INFO  o.a.m.s.f.DefaultMavenResourcesFiltering - Copying 0 resource from src\test\resources to target\test-classes
2025-05-20 10:42:43,601 [Worker-56: Building] INFO  o.a.m.s.f.DefaultMavenResourcesFiltering - Copying 0 resource from src\main\resources to target\classes
2025-05-20 10:42:43,605 [Worker-56: Building] INFO  o.a.m.s.f.DefaultMavenResourcesFiltering - Copying 0 resource from src\test\resources to target\test-classes
2025-05-20 10:42:51,049 [Worker-56: Building] INFO  o.a.m.s.f.DefaultMavenResourcesFiltering - Copying 0 resource from src\main\resources to target\classes
2025-05-20 10:42:51,052 [Worker-56: Building] INFO  o.a.m.s.f.DefaultMavenResourcesFiltering - Copying 0 resource from src\test\resources to target\test-classes
2025-05-20 10:42:55,334 [Worker-43: Building] INFO  o.a.m.s.f.DefaultMavenResourcesFiltering - Copying 0 resource from src\main\resources to target\classes
2025-05-20 10:42:55,339 [Worker-43: Building] INFO  o.a.m.s.f.DefaultMavenResourcesFiltering - Copying 0 resource from src\test\resources to target\test-classes
2025-05-20 10:47:00,512 [Worker-59: Building] INFO  o.a.m.s.f.DefaultMavenResourcesFiltering - Copying 0 resource from src\main\resources to target\classes
2025-05-20 10:47:00,517 [Worker-59: Building] INFO  o.a.m.s.f.DefaultMavenResourcesFiltering - Copying 0 resource from src\test\resources to target\test-classes
2025-05-20 10:47:04,781 [Worker-55: Launching Tain] INFO  o.a.m.s.f.DefaultMavenResourcesFiltering - Copying 0 resource from src\main\resources to target\classes
2025-05-20 10:47:04,784 [Worker-55: Launching Tain] INFO  o.a.m.s.f.DefaultMavenResourcesFiltering - Copying 0 resource from src\test\resources to target\test-classes
2025-05-20 10:47:27,463 [Worker-57: Building] INFO  o.a.m.s.f.DefaultMavenResourcesFiltering - Copying 0 resource from src\main\resources to target\classes
2025-05-20 10:47:27,468 [Worker-57: Building] INFO  o.a.m.s.f.DefaultMavenResourcesFiltering - Copying 0 resource from src\test\resources to target\test-classes
2025-05-20 10:47:54,315 [Worker-43: Building] INFO  o.a.m.s.f.DefaultMavenResourcesFiltering - Copying 0 resource from src\main\resources to target\classes
2025-05-20 10:47:54,318 [Worker-43: Building] INFO  o.a.m.s.f.DefaultMavenResourcesFiltering - Copying 0 resource from src\test\resources to target\test-classes
2025-05-20 10:49:21,898 [Worker-48: Building] INFO  o.a.m.s.f.DefaultMavenResourcesFiltering - Copying 0 resource from src\main\resources to target\classes
2025-05-20 10:49:21,904 [Worker-48: Building] INFO  o.a.m.s.f.DefaultMavenResourcesFiltering - Copying 0 resource from src\test\resources to target\test-classes
2025-05-20 10:49:37,486 [Worker-43: Building] INFO  o.a.m.s.f.DefaultMavenResourcesFiltering - Copying 0 resource from src\main\resources to target\classes
2025-05-20 10:49:37,490 [Worker-43: Building] INFO  o.a.m.s.f.DefaultMavenResourcesFiltering - Copying 0 resource from src\test\resources to target\test-classes
2025-05-20 10:49:48,042 [Worker-58: Building] INFO  o.a.m.s.f.DefaultMavenResourcesFiltering - Copying 0 resource from src\main\resources to target\classes
2025-05-20 10:49:48,045 [Worker-58: Building] INFO  o.a.m.s.f.DefaultMavenResourcesFiltering - Copying 0 resource from src\test\resources to target\test-classes
2025-05-23 09:36:35,296 [Worker-13: Loading available Gradle versions] INFO  o.e.b.c.i.u.g.PublishedGradleVersions - Gradle version information cache is out-of-date. Trying to update.
2025-05-23 09:37:06,905 [Worker-21: Updating Maven Dependencies] ERROR o.e.m.j.i.l.MavenLaunchConfigurationListener - Launch configuration Tain references closed project cricket
org.eclipse.core.runtime.CoreException: Launch configuration Tain references closed project cricket
	at org.eclipse.jdt.launching.JavaRuntime.abort(JavaRuntime.java:1871)
	at org.eclipse.jdt.launching.JavaRuntime.getJavaProject(JavaRuntime.java:1745)
	at org.eclipse.m2e.jdt.internal.launch.MavenLaunchConfigurationListener.updateLaunchConfiguration(MavenLaunchConfigurationListener.java:66)
	at org.eclipse.m2e.jdt.internal.launch.MavenLaunchConfigurationListener.launchConfigurationChanged(MavenLaunchConfigurationListener.java:52)
	at org.eclipse.debug.internal.core.LaunchManager$ConfigurationNotifier.run(LaunchManager.java:220)
	at org.eclipse.core.runtime.SafeRunner.run(SafeRunner.java:47)
	at org.eclipse.debug.internal.core.LaunchManager$ConfigurationNotifier.notify(LaunchManager.java:204)
	at org.eclipse.debug.internal.core.LaunchConfigurationWorkingCopy.setDirty(LaunchConfigurationWorkingCopy.java:527)
	at org.eclipse.debug.internal.core.LaunchConfigurationWorkingCopy.setAttribute(LaunchConfigurationWorkingCopy.java:415)
	at org.eclipse.m2e.jdt.internal.launch.MavenRuntimeClasspathProvider.disable(MavenRuntimeClasspathProvider.java:409)
	at org.eclipse.m2e.jdt.internal.launch.MavenRuntimeClasspathProvider.disable(MavenRuntimeClasspathProvider.java:435)
	at org.eclipse.m2e.jdt.internal.launch.MavenLaunchConfigurationListener.mavenProjectChanged(MavenLaunchConfigurationListener.java:137)
	at org.eclipse.m2e.core.internal.project.registry.ProjectRegistryManager.notifyProjectChangeListeners(ProjectRegistryManager.java:892)
	at org.eclipse.m2e.core.internal.project.registry.ProjectRegistryManager.applyMutableProjectRegistry(ProjectRegistryManager.java:1042)
	at org.eclipse.m2e.core.internal.project.registry.ProjectRegistryRefreshJob.lambda$0(ProjectRegistryRefreshJob.java:162)
	at org.eclipse.m2e.core.internal.embedder.MavenExecutionContext.executeBare(MavenExecutionContext.java:458)
	at org.eclipse.m2e.core.internal.embedder.MavenExecutionContext.execute(MavenExecutionContext.java:339)
	at org.eclipse.m2e.core.internal.embedder.MavenExecutionContext.execute(MavenExecutionContext.java:278)
	at org.eclipse.m2e.core.internal.project.registry.ProjectRegistryRefreshJob.run(ProjectRegistryRefreshJob.java:106)
	at org.eclipse.core.internal.jobs.Worker.run(Worker.java:63)
2025-05-23 09:37:06,911 [Worker-21: Updating Maven Dependencies] ERROR o.e.m.j.i.l.MavenLaunchConfigurationListener - Launch configuration Tain references closed project cricket
org.eclipse.core.runtime.CoreException: Launch configuration Tain references closed project cricket
	at org.eclipse.jdt.launching.JavaRuntime.abort(JavaRuntime.java:1871)
	at org.eclipse.jdt.launching.JavaRuntime.getJavaProject(JavaRuntime.java:1745)
	at org.eclipse.m2e.jdt.internal.launch.MavenLaunchConfigurationListener.updateLaunchConfiguration(MavenLaunchConfigurationListener.java:66)
	at org.eclipse.m2e.jdt.internal.launch.MavenLaunchConfigurationListener.launchConfigurationChanged(MavenLaunchConfigurationListener.java:52)
	at org.eclipse.debug.internal.core.LaunchManager$ConfigurationNotifier.run(LaunchManager.java:220)
	at org.eclipse.core.runtime.SafeRunner.run(SafeRunner.java:47)
	at org.eclipse.debug.internal.core.LaunchManager$ConfigurationNotifier.notify(LaunchManager.java:204)
	at org.eclipse.debug.internal.core.LaunchConfigurationWorkingCopy.setDirty(LaunchConfigurationWorkingCopy.java:527)
	at org.eclipse.debug.internal.core.LaunchConfigurationWorkingCopy.setAttribute(LaunchConfigurationWorkingCopy.java:415)
	at org.eclipse.m2e.jdt.internal.launch.MavenRuntimeClasspathProvider.disable(MavenRuntimeClasspathProvider.java:410)
	at org.eclipse.m2e.jdt.internal.launch.MavenRuntimeClasspathProvider.disable(MavenRuntimeClasspathProvider.java:435)
	at org.eclipse.m2e.jdt.internal.launch.MavenLaunchConfigurationListener.mavenProjectChanged(MavenLaunchConfigurationListener.java:137)
	at org.eclipse.m2e.core.internal.project.registry.ProjectRegistryManager.notifyProjectChangeListeners(ProjectRegistryManager.java:892)
	at org.eclipse.m2e.core.internal.project.registry.ProjectRegistryManager.applyMutableProjectRegistry(ProjectRegistryManager.java:1042)
	at org.eclipse.m2e.core.internal.project.registry.ProjectRegistryRefreshJob.lambda$0(ProjectRegistryRefreshJob.java:162)
	at org.eclipse.m2e.core.internal.embedder.MavenExecutionContext.executeBare(MavenExecutionContext.java:458)
	at org.eclipse.m2e.core.internal.embedder.MavenExecutionContext.execute(MavenExecutionContext.java:339)
	at org.eclipse.m2e.core.internal.embedder.MavenExecutionContext.execute(MavenExecutionContext.java:278)
	at org.eclipse.m2e.core.internal.project.registry.ProjectRegistryRefreshJob.run(ProjectRegistryRefreshJob.java:106)
	at org.eclipse.core.internal.jobs.Worker.run(Worker.java:63)
2025-05-23 09:37:06,913 [Worker-21: Updating Maven Dependencies] ERROR o.e.m.j.i.l.MavenLaunchConfigurationListener - Launch configuration Tain references closed project cricket
org.eclipse.core.runtime.CoreException: Launch configuration Tain references closed project cricket
	at org.eclipse.jdt.launching.JavaRuntime.abort(JavaRuntime.java:1871)
	at org.eclipse.jdt.launching.JavaRuntime.getJavaProject(JavaRuntime.java:1745)
	at org.eclipse.m2e.jdt.internal.launch.MavenLaunchConfigurationListener.updateLaunchConfiguration(MavenLaunchConfigurationListener.java:66)
	at org.eclipse.m2e.jdt.internal.launch.MavenLaunchConfigurationListener.launchConfigurationChanged(MavenLaunchConfigurationListener.java:52)
	at org.eclipse.debug.internal.core.LaunchManager$ConfigurationNotifier.run(LaunchManager.java:220)
	at org.eclipse.core.runtime.SafeRunner.run(SafeRunner.java:47)
	at org.eclipse.debug.internal.core.LaunchManager$ConfigurationNotifier.notify(LaunchManager.java:204)
	at org.eclipse.debug.internal.core.LaunchManager.launchConfigurationChanged(LaunchManager.java:2009)
	at org.eclipse.debug.internal.core.LaunchConfigurationWorkingCopy.writeNewFile(LaunchConfigurationWorkingCopy.java:380)
	at org.eclipse.debug.internal.core.LaunchConfigurationWorkingCopy.doSave0(LaunchConfigurationWorkingCopy.java:259)
	at org.eclipse.debug.internal.core.LaunchConfigurationWorkingCopy.doSave(LaunchConfigurationWorkingCopy.java:229)
	at org.eclipse.debug.internal.core.LaunchConfigurationWorkingCopy.doSave(LaunchConfigurationWorkingCopy.java:187)
	at org.eclipse.m2e.jdt.internal.launch.MavenRuntimeClasspathProvider.disable(MavenRuntimeClasspathProvider.java:411)
	at org.eclipse.m2e.jdt.internal.launch.MavenRuntimeClasspathProvider.disable(MavenRuntimeClasspathProvider.java:435)
	at org.eclipse.m2e.jdt.internal.launch.MavenLaunchConfigurationListener.mavenProjectChanged(MavenLaunchConfigurationListener.java:137)
	at org.eclipse.m2e.core.internal.project.registry.ProjectRegistryManager.notifyProjectChangeListeners(ProjectRegistryManager.java:892)
	at org.eclipse.m2e.core.internal.project.registry.ProjectRegistryManager.applyMutableProjectRegistry(ProjectRegistryManager.java:1042)
	at org.eclipse.m2e.core.internal.project.registry.ProjectRegistryRefreshJob.lambda$0(ProjectRegistryRefreshJob.java:162)
	at org.eclipse.m2e.core.internal.embedder.MavenExecutionContext.executeBare(MavenExecutionContext.java:458)
	at org.eclipse.m2e.core.internal.embedder.MavenExecutionContext.execute(MavenExecutionContext.java:339)
	at org.eclipse.m2e.core.internal.embedder.MavenExecutionContext.execute(MavenExecutionContext.java:278)
	at org.eclipse.m2e.core.internal.project.registry.ProjectRegistryRefreshJob.run(ProjectRegistryRefreshJob.java:106)
	at org.eclipse.core.internal.jobs.Worker.run(Worker.java:63)
2025-05-23 09:38:42,616 [ModalContext] INFO  o.e.m.c.i.e.AbstractTransferListenerAdapter - Downloading https://repo.maven.apache.org/maven2/org/apache/maven/archetypes/maven-archetype-quickstart/1.5/maven-archetype-quickstart-1.5.pom
2025-05-23 09:38:42,630 [ModalContext] INFO  o.e.m.c.i.e.AbstractTransferListenerAdapter - Downloaded https://repo.maven.apache.org/maven2/org/apache/maven/archetypes/maven-archetype-quickstart/1.5/maven-archetype-quickstart-1.5.pom
2025-05-23 09:38:42,696 [ModalContext] INFO  o.e.m.c.i.e.AbstractTransferListenerAdapter - Downloading https://repo.maven.apache.org/maven2/org/apache/maven/archetypes/maven-archetype-bundles/1.5/maven-archetype-bundles-1.5.pom
2025-05-23 09:38:42,702 [ModalContext] INFO  o.e.m.c.i.e.AbstractTransferListenerAdapter - Downloaded https://repo.maven.apache.org/maven2/org/apache/maven/archetypes/maven-archetype-bundles/1.5/maven-archetype-bundles-1.5.pom
2025-05-23 09:38:42,858 [ModalContext] INFO  o.e.m.c.i.e.AbstractTransferListenerAdapter - Downloading https://repo.maven.apache.org/maven2/org/apache/maven/archetypes/maven-archetype-quickstart/1.5/maven-archetype-quickstart-1.5.jar
2025-05-23 09:38:42,873 [ModalContext] INFO  o.e.m.c.i.e.AbstractTransferListenerAdapter - Downloaded https://repo.maven.apache.org/maven2/org/apache/maven/archetypes/maven-archetype-quickstart/1.5/maven-archetype-quickstart-1.5.jar
2025-05-23 09:39:18,045 [Worker-18: Launching mavenrun-1cf7a213-0bff-41ab-a914-8c83040ff8a6] INFO  o.eclipse.m2e.core.internal.Bundles - getClasspathEntries(Bundle=org.eclipse.m2e.maven.runtime_3.9.900.20250220-2013 [637])
2025-05-23 09:39:18,047 [Worker-18: Launching mavenrun-1cf7a213-0bff-41ab-a914-8c83040ff8a6] INFO  o.eclipse.m2e.core.internal.Bundles - 	Entry: C:\Users\harsh\.p2\pool\plugins\org.eclipse.m2e.maven.runtime_3.9.900.20250220-2013
2025-05-23 09:39:18,047 [Worker-18: Launching mavenrun-1cf7a213-0bff-41ab-a914-8c83040ff8a6] INFO  o.eclipse.m2e.core.internal.Bundles - 	Entry: C:\Users\harsh\.p2\pool\plugins\org.eclipse.m2e.maven.runtime_3.9.900.20250220-2013\jars\aopalliance-1.0.jar
2025-05-23 09:39:18,047 [Worker-18: Launching mavenrun-1cf7a213-0bff-41ab-a914-8c83040ff8a6] INFO  o.eclipse.m2e.core.internal.Bundles - 	Entry: C:\Users\harsh\.p2\pool\plugins\org.eclipse.m2e.maven.runtime_3.9.900.20250220-2013\jars\guice-5.1.0.jar
2025-05-23 09:39:18,047 [Worker-18: Launching mavenrun-1cf7a213-0bff-41ab-a914-8c83040ff8a6] INFO  o.eclipse.m2e.core.internal.Bundles - 	Entry: C:\Users\harsh\.p2\pool\plugins\org.eclipse.m2e.maven.runtime_3.9.900.20250220-2013\jars\httpclient-4.5.14.jar
2025-05-23 09:39:18,047 [Worker-18: Launching mavenrun-1cf7a213-0bff-41ab-a914-8c83040ff8a6] INFO  o.eclipse.m2e.core.internal.Bundles - 	Entry: C:\Users\harsh\.p2\pool\plugins\org.eclipse.m2e.maven.runtime_3.9.900.20250220-2013\jars\httpcore-4.4.16.jar
2025-05-23 09:39:18,048 [Worker-18: Launching mavenrun-1cf7a213-0bff-41ab-a914-8c83040ff8a6] INFO  o.eclipse.m2e.core.internal.Bundles - 	Entry: C:\Users\harsh\.p2\pool\plugins\org.eclipse.m2e.maven.runtime_3.9.900.20250220-2013\jars\jansi-2.4.1.jar
2025-05-23 09:39:18,048 [Worker-18: Launching mavenrun-1cf7a213-0bff-41ab-a914-8c83040ff8a6] INFO  o.eclipse.m2e.core.internal.Bundles - 	Entry: C:\Users\harsh\.p2\pool\plugins\org.eclipse.m2e.maven.runtime_3.9.900.20250220-2013\jars\jcl-over-slf4j-1.7.36.jar
2025-05-23 09:39:18,048 [Worker-18: Launching mavenrun-1cf7a213-0bff-41ab-a914-8c83040ff8a6] INFO  o.eclipse.m2e.core.internal.Bundles - 	Entry: C:\Users\harsh\.p2\pool\plugins\org.eclipse.m2e.maven.runtime_3.9.900.20250220-2013\jars\maven-artifact-3.9.9.jar
2025-05-23 09:39:18,048 [Worker-18: Launching mavenrun-1cf7a213-0bff-41ab-a914-8c83040ff8a6] INFO  o.eclipse.m2e.core.internal.Bundles - 	Entry: C:\Users\harsh\.p2\pool\plugins\org.eclipse.m2e.maven.runtime_3.9.900.20250220-2013\jars\maven-builder-support-3.9.9.jar
2025-05-23 09:39:18,048 [Worker-18: Launching mavenrun-1cf7a213-0bff-41ab-a914-8c83040ff8a6] INFO  o.eclipse.m2e.core.internal.Bundles - 	Entry: C:\Users\harsh\.p2\pool\plugins\org.eclipse.m2e.maven.runtime_3.9.900.20250220-2013\jars\maven-compat-3.9.9.jar
2025-05-23 09:39:18,048 [Worker-18: Launching mavenrun-1cf7a213-0bff-41ab-a914-8c83040ff8a6] INFO  o.eclipse.m2e.core.internal.Bundles - 	Entry: C:\Users\harsh\.p2\pool\plugins\org.eclipse.m2e.maven.runtime_3.9.900.20250220-2013\jars\maven-core-3.9.9.jar
2025-05-23 09:39:18,048 [Worker-18: Launching mavenrun-1cf7a213-0bff-41ab-a914-8c83040ff8a6] INFO  o.eclipse.m2e.core.internal.Bundles - 	Entry: C:\Users\harsh\.p2\pool\plugins\org.eclipse.m2e.maven.runtime_3.9.900.20250220-2013\jars\maven-embedder-3.9.9.jar
2025-05-23 09:39:18,048 [Worker-18: Launching mavenrun-1cf7a213-0bff-41ab-a914-8c83040ff8a6] INFO  o.eclipse.m2e.core.internal.Bundles - 	Entry: C:\Users\harsh\.p2\pool\plugins\org.eclipse.m2e.maven.runtime_3.9.900.20250220-2013\jars\maven-model-3.9.9.jar
2025-05-23 09:39:18,048 [Worker-18: Launching mavenrun-1cf7a213-0bff-41ab-a914-8c83040ff8a6] INFO  o.eclipse.m2e.core.internal.Bundles - 	Entry: C:\Users\harsh\.p2\pool\plugins\org.eclipse.m2e.maven.runtime_3.9.900.20250220-2013\jars\maven-model-builder-3.9.9.jar
2025-05-23 09:39:18,048 [Worker-18: Launching mavenrun-1cf7a213-0bff-41ab-a914-8c83040ff8a6] INFO  o.eclipse.m2e.core.internal.Bundles - 	Entry: C:\Users\harsh\.p2\pool\plugins\org.eclipse.m2e.maven.runtime_3.9.900.20250220-2013\jars\maven-plugin-api-3.9.9.jar
2025-05-23 09:39:18,049 [Worker-18: Launching mavenrun-1cf7a213-0bff-41ab-a914-8c83040ff8a6] INFO  o.eclipse.m2e.core.internal.Bundles - 	Entry: C:\Users\harsh\.p2\pool\plugins\org.eclipse.m2e.maven.runtime_3.9.900.20250220-2013\jars\maven-repository-metadata-3.9.9.jar
2025-05-23 09:39:18,049 [Worker-18: Launching mavenrun-1cf7a213-0bff-41ab-a914-8c83040ff8a6] INFO  o.eclipse.m2e.core.internal.Bundles - 	Entry: C:\Users\harsh\.p2\pool\plugins\org.eclipse.m2e.maven.runtime_3.9.900.20250220-2013\jars\maven-resolver-api-1.9.22.jar
2025-05-23 09:39:18,049 [Worker-18: Launching mavenrun-1cf7a213-0bff-41ab-a914-8c83040ff8a6] INFO  o.eclipse.m2e.core.internal.Bundles - 	Entry: C:\Users\harsh\.p2\pool\plugins\org.eclipse.m2e.maven.runtime_3.9.900.20250220-2013\jars\maven-resolver-connector-basic-1.9.22.jar
2025-05-23 09:39:18,049 [Worker-18: Launching mavenrun-1cf7a213-0bff-41ab-a914-8c83040ff8a6] INFO  o.eclipse.m2e.core.internal.Bundles - 	Entry: C:\Users\harsh\.p2\pool\plugins\org.eclipse.m2e.maven.runtime_3.9.900.20250220-2013\jars\maven-resolver-impl-1.9.22.jar
2025-05-23 09:39:18,049 [Worker-18: Launching mavenrun-1cf7a213-0bff-41ab-a914-8c83040ff8a6] INFO  o.eclipse.m2e.core.internal.Bundles - 	Entry: C:\Users\harsh\.p2\pool\plugins\org.eclipse.m2e.maven.runtime_3.9.900.20250220-2013\jars\maven-resolver-named-locks-1.9.22.jar
2025-05-23 09:39:18,049 [Worker-18: Launching mavenrun-1cf7a213-0bff-41ab-a914-8c83040ff8a6] INFO  o.eclipse.m2e.core.internal.Bundles - 	Entry: C:\Users\harsh\.p2\pool\plugins\org.eclipse.m2e.maven.runtime_3.9.900.20250220-2013\jars\maven-resolver-provider-3.9.9.jar
2025-05-23 09:39:18,049 [Worker-18: Launching mavenrun-1cf7a213-0bff-41ab-a914-8c83040ff8a6] INFO  o.eclipse.m2e.core.internal.Bundles - 	Entry: C:\Users\harsh\.p2\pool\plugins\org.eclipse.m2e.maven.runtime_3.9.900.20250220-2013\jars\maven-resolver-spi-1.9.22.jar
2025-05-23 09:39:18,049 [Worker-18: Launching mavenrun-1cf7a213-0bff-41ab-a914-8c83040ff8a6] INFO  o.eclipse.m2e.core.internal.Bundles - 	Entry: C:\Users\harsh\.p2\pool\plugins\org.eclipse.m2e.maven.runtime_3.9.900.20250220-2013\jars\maven-resolver-transport-file-1.9.22.jar
2025-05-23 09:39:18,049 [Worker-18: Launching mavenrun-1cf7a213-0bff-41ab-a914-8c83040ff8a6] INFO  o.eclipse.m2e.core.internal.Bundles - 	Entry: C:\Users\harsh\.p2\pool\plugins\org.eclipse.m2e.maven.runtime_3.9.900.20250220-2013\jars\maven-resolver-transport-http-1.9.22.jar
2025-05-23 09:39:18,049 [Worker-18: Launching mavenrun-1cf7a213-0bff-41ab-a914-8c83040ff8a6] INFO  o.eclipse.m2e.core.internal.Bundles - 	Entry: C:\Users\harsh\.p2\pool\plugins\org.eclipse.m2e.maven.runtime_3.9.900.20250220-2013\jars\maven-resolver-transport-wagon-1.9.22.jar
2025-05-23 09:39:18,050 [Worker-18: Launching mavenrun-1cf7a213-0bff-41ab-a914-8c83040ff8a6] INFO  o.eclipse.m2e.core.internal.Bundles - 	Entry: C:\Users\harsh\.p2\pool\plugins\org.eclipse.m2e.maven.runtime_3.9.900.20250220-2013\jars\maven-resolver-util-1.9.22.jar
2025-05-23 09:39:18,050 [Worker-18: Launching mavenrun-1cf7a213-0bff-41ab-a914-8c83040ff8a6] INFO  o.eclipse.m2e.core.internal.Bundles - 	Entry: C:\Users\harsh\.p2\pool\plugins\org.eclipse.m2e.maven.runtime_3.9.900.20250220-2013\jars\maven-settings-3.9.9.jar
2025-05-23 09:39:18,050 [Worker-18: Launching mavenrun-1cf7a213-0bff-41ab-a914-8c83040ff8a6] INFO  o.eclipse.m2e.core.internal.Bundles - 	Entry: C:\Users\harsh\.p2\pool\plugins\org.eclipse.m2e.maven.runtime_3.9.900.20250220-2013\jars\maven-settings-builder-3.9.9.jar
2025-05-23 09:39:18,050 [Worker-18: Launching mavenrun-1cf7a213-0bff-41ab-a914-8c83040ff8a6] INFO  o.eclipse.m2e.core.internal.Bundles - 	Entry: C:\Users\harsh\.p2\pool\plugins\org.eclipse.m2e.maven.runtime_3.9.900.20250220-2013\jars\maven-shared-utils-3.4.2.jar
2025-05-23 09:39:18,050 [Worker-18: Launching mavenrun-1cf7a213-0bff-41ab-a914-8c83040ff8a6] INFO  o.eclipse.m2e.core.internal.Bundles - 	Entry: C:\Users\harsh\.p2\pool\plugins\org.eclipse.m2e.maven.runtime_3.9.900.20250220-2013\jars\org.eclipse.sisu.inject-0.9.0.M3.jar
2025-05-23 09:39:18,050 [Worker-18: Launching mavenrun-1cf7a213-0bff-41ab-a914-8c83040ff8a6] INFO  o.eclipse.m2e.core.internal.Bundles - 	Entry: C:\Users\harsh\.p2\pool\plugins\org.eclipse.m2e.maven.runtime_3.9.900.20250220-2013\jars\org.eclipse.sisu.plexus-0.9.0.M3.jar
2025-05-23 09:39:18,050 [Worker-18: Launching mavenrun-1cf7a213-0bff-41ab-a914-8c83040ff8a6] INFO  o.eclipse.m2e.core.internal.Bundles - 	Entry: C:\Users\harsh\.p2\pool\plugins\org.eclipse.m2e.maven.runtime_3.9.900.20250220-2013\jars\plexus-build-api-0.0.7.jar
2025-05-23 09:39:18,050 [Worker-18: Launching mavenrun-1cf7a213-0bff-41ab-a914-8c83040ff8a6] INFO  o.eclipse.m2e.core.internal.Bundles - 	Entry: C:\Users\harsh\.p2\pool\plugins\org.eclipse.m2e.maven.runtime_3.9.900.20250220-2013\jars\plexus-build-api-1.2.0.jar
2025-05-23 09:39:18,051 [Worker-18: Launching mavenrun-1cf7a213-0bff-41ab-a914-8c83040ff8a6] INFO  o.eclipse.m2e.core.internal.Bundles - 	Entry: C:\Users\harsh\.p2\pool\plugins\org.eclipse.m2e.maven.runtime_3.9.900.20250220-2013\jars\plexus-cipher-2.0.jar
2025-05-23 09:39:18,051 [Worker-18: Launching mavenrun-1cf7a213-0bff-41ab-a914-8c83040ff8a6] INFO  o.eclipse.m2e.core.internal.Bundles - 	Entry: C:\Users\harsh\.p2\pool\plugins\org.eclipse.m2e.maven.runtime_3.9.900.20250220-2013\jars\plexus-classworlds-2.8.0.jar
2025-05-23 09:39:18,051 [Worker-18: Launching mavenrun-1cf7a213-0bff-41ab-a914-8c83040ff8a6] INFO  o.eclipse.m2e.core.internal.Bundles - 	Entry: C:\Users\harsh\.p2\pool\plugins\org.eclipse.m2e.maven.runtime_3.9.900.20250220-2013\jars\plexus-component-annotations-2.1.0.jar
2025-05-23 09:39:18,051 [Worker-18: Launching mavenrun-1cf7a213-0bff-41ab-a914-8c83040ff8a6] INFO  o.eclipse.m2e.core.internal.Bundles - 	Entry: C:\Users\harsh\.p2\pool\plugins\org.eclipse.m2e.maven.runtime_3.9.900.20250220-2013\jars\plexus-interpolation-1.27.jar
2025-05-23 09:39:18,051 [Worker-18: Launching mavenrun-1cf7a213-0bff-41ab-a914-8c83040ff8a6] INFO  o.eclipse.m2e.core.internal.Bundles - 	Entry: C:\Users\harsh\.p2\pool\plugins\org.eclipse.m2e.maven.runtime_3.9.900.20250220-2013\jars\plexus-sec-dispatcher-2.0.jar
2025-05-23 09:39:18,051 [Worker-18: Launching mavenrun-1cf7a213-0bff-41ab-a914-8c83040ff8a6] INFO  o.eclipse.m2e.core.internal.Bundles - 	Entry: C:\Users\harsh\.p2\pool\plugins\org.eclipse.m2e.maven.runtime_3.9.900.20250220-2013\jars\plexus-utils-3.5.1.jar
2025-05-23 09:39:18,051 [Worker-18: Launching mavenrun-1cf7a213-0bff-41ab-a914-8c83040ff8a6] INFO  o.eclipse.m2e.core.internal.Bundles - 	Entry: C:\Users\harsh\.p2\pool\plugins\org.eclipse.m2e.maven.runtime_3.9.900.20250220-2013\jars\plexus-xml-3.0.1.jar
2025-05-23 09:39:18,051 [Worker-18: Launching mavenrun-1cf7a213-0bff-41ab-a914-8c83040ff8a6] INFO  o.eclipse.m2e.core.internal.Bundles - 	Entry: C:\Users\harsh\.p2\pool\plugins\org.eclipse.m2e.maven.runtime_3.9.900.20250220-2013\jars\wagon-file-3.5.3.jar
2025-05-23 09:39:18,052 [Worker-18: Launching mavenrun-1cf7a213-0bff-41ab-a914-8c83040ff8a6] INFO  o.eclipse.m2e.core.internal.Bundles - 	Entry: C:\Users\harsh\.p2\pool\plugins\org.eclipse.m2e.maven.runtime_3.9.900.20250220-2013\jars\wagon-http-3.5.3.jar
2025-05-23 09:39:18,052 [Worker-18: Launching mavenrun-1cf7a213-0bff-41ab-a914-8c83040ff8a6] INFO  o.eclipse.m2e.core.internal.Bundles - 	Entry: C:\Users\harsh\.p2\pool\plugins\org.eclipse.m2e.maven.runtime_3.9.900.20250220-2013\jars\wagon-http-shared-3.5.3.jar
2025-05-23 09:39:18,052 [Worker-18: Launching mavenrun-1cf7a213-0bff-41ab-a914-8c83040ff8a6] INFO  o.eclipse.m2e.core.internal.Bundles - 	Entry: C:\Users\harsh\.p2\pool\plugins\org.eclipse.m2e.maven.runtime_3.9.900.20250220-2013\jars\wagon-provider-api-3.5.3.jar
2025-05-23 09:39:18,054 [Worker-18: Launching mavenrun-1cf7a213-0bff-41ab-a914-8c83040ff8a6] INFO  o.eclipse.m2e.core.internal.Bundles - getClasspathEntries(Bundle=com.google.guava_33.4.6.jre [1056])
2025-05-23 09:39:18,055 [Worker-18: Launching mavenrun-1cf7a213-0bff-41ab-a914-8c83040ff8a6] INFO  o.eclipse.m2e.core.internal.Bundles - 	Entry: C:\Users\harsh\.p2\pool\plugins\com.google.guava_33.4.6.jre.jar
2025-05-23 09:39:18,055 [Worker-18: Launching mavenrun-1cf7a213-0bff-41ab-a914-8c83040ff8a6] INFO  o.eclipse.m2e.core.internal.Bundles - getClasspathEntries(Bundle=slf4j.api_2.0.17 [1048])
2025-05-23 09:39:18,055 [Worker-18: Launching mavenrun-1cf7a213-0bff-41ab-a914-8c83040ff8a6] INFO  o.eclipse.m2e.core.internal.Bundles - 	Entry: C:\Users\harsh\.p2\pool\plugins\slf4j.api_2.0.17.jar
2025-05-23 09:39:18,055 [Worker-18: Launching mavenrun-1cf7a213-0bff-41ab-a914-8c83040ff8a6] INFO  o.eclipse.m2e.core.internal.Bundles - getClasspathEntries(Bundle=jakarta.inject.jakarta.inject-api_1.0.5 [34])
2025-05-23 09:39:18,055 [Worker-18: Launching mavenrun-1cf7a213-0bff-41ab-a914-8c83040ff8a6] INFO  o.eclipse.m2e.core.internal.Bundles - 	Entry: C:\Users\harsh\.p2\pool\plugins\jakarta.inject.jakarta.inject-api_1.0.5.jar
2025-05-23 09:39:18,055 [Worker-18: Launching mavenrun-1cf7a213-0bff-41ab-a914-8c83040ff8a6] INFO  o.eclipse.m2e.core.internal.Bundles - getClasspathEntries(Bundle=jakarta.annotation-api_1.3.5 [29])
2025-05-23 09:39:18,055 [Worker-18: Launching mavenrun-1cf7a213-0bff-41ab-a914-8c83040ff8a6] INFO  o.eclipse.m2e.core.internal.Bundles - 	Entry: C:\Users\harsh\.p2\pool\plugins\jakarta.annotation-api_1.3.5.jar
2025-05-23 09:39:18,055 [Worker-18: Launching mavenrun-1cf7a213-0bff-41ab-a914-8c83040ff8a6] INFO  o.eclipse.m2e.core.internal.Bundles - getClasspathEntries(Bundle=org.apache.commons.cli_1.9.0 [74])
2025-05-23 09:39:18,056 [Worker-18: Launching mavenrun-1cf7a213-0bff-41ab-a914-8c83040ff8a6] INFO  o.eclipse.m2e.core.internal.Bundles - 	Entry: C:\Users\harsh\.p2\pool\plugins\org.apache.commons.cli_1.9.0.jar
2025-05-23 09:39:18,056 [Worker-18: Launching mavenrun-1cf7a213-0bff-41ab-a914-8c83040ff8a6] INFO  o.eclipse.m2e.core.internal.Bundles - getClasspathEntries(Bundle=org.apache.commons.commons-codec_1.16.0 [76])
2025-05-23 09:39:18,056 [Worker-18: Launching mavenrun-1cf7a213-0bff-41ab-a914-8c83040ff8a6] INFO  o.eclipse.m2e.core.internal.Bundles - 	Entry: C:\Users\harsh\.p2\pool\plugins\org.apache.commons.commons-codec_1.16.0.jar
2025-05-23 09:39:18,056 [Worker-18: Launching mavenrun-1cf7a213-0bff-41ab-a914-8c83040ff8a6] INFO  o.eclipse.m2e.core.internal.Bundles - getClasspathEntries(Bundle=com.google.guava.failureaccess_1.0.3 [1057])
2025-05-23 09:39:18,056 [Worker-18: Launching mavenrun-1cf7a213-0bff-41ab-a914-8c83040ff8a6] INFO  o.eclipse.m2e.core.internal.Bundles - 	Entry: C:\Users\harsh\.p2\pool\plugins\com.google.guava.failureaccess_1.0.3.jar
2025-05-23 09:39:18,061 [Worker-18: Launching mavenrun-1cf7a213-0bff-41ab-a914-8c83040ff8a6] INFO  o.e.m.i.launch.MavenLaunchDelegate - Run build in "C:\Users\harsh\AppData\Local\Temp\m2e-archetypeGenerator13672994845343828374":
2025-05-23 09:39:18,065 [Worker-18: Launching mavenrun-1cf7a213-0bff-41ab-a914-8c83040ff8a6] INFO  o.e.m.i.launch.MavenLaunchDelegate -  mvn  -DjavaCompilerVersion=17 -DjunitVersion=5.11.0 -DarchetypeGroupId=org.apache.maven.archetypes -DarchetypeArtifactId=maven-archetype-quickstart -DarchetypeVersion=1.5 -DgroupId=nit -DartifactId=Internationalization_i18n_Comprehensive_Task -Dversion=0.0.1-SNAPSHOT -Dpackage=com.nit.main -DoutputDirectory=C:\data\spring -Dstyle.color=always -U archetype:generate
2025-05-23 09:45:02,949 [Worker-6: Creating maven-archetype-quickstart] INFO  o.e.m.c.i.p.ProjectConfigurationManager - Collecting project info '/pom.xml' C:\data\spring\Internationalization_i18n_Comprehensive_Task\pom.xml
2025-05-23 09:45:03,681 [Worker-6: Creating maven-archetype-quickstart] INFO  o.e.m.c.i.l.LifecycleMappingFactory - Using org.eclipse.m2e.jdt.JarLifecycleMapping lifecycle mapping for MavenProject: nit:Internationalization_i18n_Comprehensive_Task:0.0.1-SNAPSHOT @ C:\data\spring\Internationalization_i18n_Comprehensive_Task\pom.xml.
2025-05-23 09:45:04,445 [Worker-6: Creating maven-archetype-quickstart] INFO  o.e.m.j.i.AbstractJavaProjectConfigurator - Adding source folder /Internationalization_i18n_Comprehensive_Task/src/main/java
2025-05-23 09:45:04,445 [Worker-6: Creating maven-archetype-quickstart] INFO  o.e.m.j.i.AbstractJavaProjectConfigurator - Adding resource folder /Internationalization_i18n_Comprehensive_Task/src/main/resources
2025-05-23 09:45:04,445 [Worker-6: Creating maven-archetype-quickstart] INFO  o.e.m.j.i.AbstractJavaProjectConfigurator - Adding source folder /Internationalization_i18n_Comprehensive_Task/src/test/java
2025-05-23 09:45:04,445 [Worker-6: Creating maven-archetype-quickstart] INFO  o.e.m.j.i.AbstractJavaProjectConfigurator - Adding resource folder /Internationalization_i18n_Comprehensive_Task/src/test/resources
2025-05-23 09:45:04,583 [Worker-6: Creating maven-archetype-quickstart] INFO  o.e.m.c.i.p.ProjectConfigurationManager - Imported and configured 1 project(s) in 1 sec
2025-05-23 09:45:05,277 [Worker-6: Download sources and javadoc] INFO  o.e.m.c.i.e.AbstractTransferListenerAdapter - Downloading https://repo.maven.apache.org/maven2/org/junit/jupiter/junit-jupiter-api/5.11.0/junit-jupiter-api-5.11.0-sources.jar
2025-05-23 09:45:05,358 [Worker-6: Download sources and javadoc] INFO  o.e.m.c.i.e.AbstractTransferListenerAdapter - Downloaded https://repo.maven.apache.org/maven2/org/junit/jupiter/junit-jupiter-api/5.11.0/junit-jupiter-api-5.11.0-sources.jar
2025-05-23 09:45:05,364 [Worker-6: Download sources and javadoc] INFO  o.e.m.j.internal.DownloadSourcesJob - Downloaded sources for org.junit.jupiter:junit-jupiter-api:5.11.0
2025-05-23 09:45:05,399 [Worker-6: Download sources and javadoc] INFO  o.e.m.c.i.e.AbstractTransferListenerAdapter - Downloading https://repo.maven.apache.org/maven2/org/junit/platform/junit-platform-commons/1.11.0/junit-platform-commons-1.11.0-sources.jar
2025-05-23 09:45:05,439 [Worker-6: Download sources and javadoc] INFO  o.e.m.c.i.e.AbstractTransferListenerAdapter - Downloaded https://repo.maven.apache.org/maven2/org/junit/platform/junit-platform-commons/1.11.0/junit-platform-commons-1.11.0-sources.jar
2025-05-23 09:45:05,444 [Worker-6: Download sources and javadoc] INFO  o.e.m.j.internal.DownloadSourcesJob - Downloaded sources for org.junit.platform:junit-platform-commons:1.11.0
2025-05-23 09:45:05,468 [Worker-6: Download sources and javadoc] INFO  o.e.m.c.i.e.AbstractTransferListenerAdapter - Downloading https://repo.maven.apache.org/maven2/org/junit/jupiter/junit-jupiter-params/5.11.0/junit-jupiter-params-5.11.0-sources.jar
2025-05-23 09:45:05,515 [Worker-6: Download sources and javadoc] INFO  o.e.m.c.i.e.AbstractTransferListenerAdapter - Downloaded https://repo.maven.apache.org/maven2/org/junit/jupiter/junit-jupiter-params/5.11.0/junit-jupiter-params-5.11.0-sources.jar
2025-05-23 09:45:05,519 [Worker-6: Download sources and javadoc] INFO  o.e.m.j.internal.DownloadSourcesJob - Downloaded sources for org.junit.jupiter:junit-jupiter-params:5.11.0
2025-05-23 09:45:05,554 [Worker-34: Building] INFO  o.a.m.s.f.DefaultMavenResourcesFiltering - skip non existing resourceDirectory C:\data\spring\Internationalization_i18n_Comprehensive_Task\src\main\resources
2025-05-23 09:45:05,562 [Worker-34: Building] INFO  o.a.m.s.f.DefaultMavenResourcesFiltering - skip non existing resourceDirectory C:\data\spring\Internationalization_i18n_Comprehensive_Task\src\test\resources
2025-05-23 09:45:16,206 [Worker-39: Building] INFO  o.a.m.s.f.DefaultMavenResourcesFiltering - skip non existing resourceDirectory C:\data\spring\Internationalization_i18n_Comprehensive_Task\src\main\resources
2025-05-23 09:45:16,210 [Worker-39: Building] INFO  o.a.m.s.f.DefaultMavenResourcesFiltering - skip non existing resourceDirectory C:\data\spring\Internationalization_i18n_Comprehensive_Task\src\test\resources
2025-05-23 09:55:15,800 [Worker-41: Building] INFO  o.a.m.s.f.DefaultMavenResourcesFiltering - skip non existing resourceDirectory C:\data\spring\Internationalization_i18n_Comprehensive_Task\src\main\resources
2025-05-23 09:55:15,802 [Worker-41: Building] INFO  o.a.m.s.f.DefaultMavenResourcesFiltering - skip non existing resourceDirectory C:\data\spring\Internationalization_i18n_Comprehensive_Task\src\test\resources
2025-05-23 09:55:18,644 [Worker-8: Building] INFO  o.a.m.s.f.DefaultMavenResourcesFiltering - skip non existing resourceDirectory C:\data\spring\Internationalization_i18n_Comprehensive_Task\src\main\resources
2025-05-23 09:55:18,646 [Worker-8: Building] INFO  o.a.m.s.f.DefaultMavenResourcesFiltering - skip non existing resourceDirectory C:\data\spring\Internationalization_i18n_Comprehensive_Task\src\test\resources
2025-05-23 09:55:33,496 [Worker-42: Building] INFO  o.a.m.s.f.DefaultMavenResourcesFiltering - skip non existing resourceDirectory C:\data\spring\Internationalization_i18n_Comprehensive_Task\src\main\resources
2025-05-23 09:55:33,498 [Worker-42: Building] INFO  o.a.m.s.f.DefaultMavenResourcesFiltering - skip non existing resourceDirectory C:\data\spring\Internationalization_i18n_Comprehensive_Task\src\test\resources
2025-05-23 09:56:01,249 [Worker-42: Building] INFO  o.a.m.s.f.DefaultMavenResourcesFiltering - skip non existing resourceDirectory C:\data\spring\Internationalization_i18n_Comprehensive_Task\src\main\resources
2025-05-23 09:56:01,251 [Worker-42: Building] INFO  o.a.m.s.f.DefaultMavenResourcesFiltering - skip non existing resourceDirectory C:\data\spring\Internationalization_i18n_Comprehensive_Task\src\test\resources
2025-05-23 09:56:03,508 [Worker-42: Building] INFO  o.a.m.s.f.DefaultMavenResourcesFiltering - skip non existing resourceDirectory C:\data\spring\Internationalization_i18n_Comprehensive_Task\src\main\resources
2025-05-23 09:56:03,512 [Worker-42: Building] INFO  o.a.m.s.f.DefaultMavenResourcesFiltering - skip non existing resourceDirectory C:\data\spring\Internationalization_i18n_Comprehensive_Task\src\test\resources
2025-05-23 09:56:22,709 [Worker-42: Building] INFO  o.a.m.s.f.DefaultMavenResourcesFiltering - skip non existing resourceDirectory C:\data\spring\Internationalization_i18n_Comprehensive_Task\src\main\resources
2025-05-23 09:56:22,711 [Worker-42: Building] INFO  o.a.m.s.f.DefaultMavenResourcesFiltering - skip non existing resourceDirectory C:\data\spring\Internationalization_i18n_Comprehensive_Task\src\test\resources
2025-05-23 09:56:31,934 [Worker-43: Building] INFO  o.a.m.s.f.DefaultMavenResourcesFiltering - skip non existing resourceDirectory C:\data\spring\Internationalization_i18n_Comprehensive_Task\src\main\resources
2025-05-23 09:56:31,937 [Worker-43: Building] INFO  o.a.m.s.f.DefaultMavenResourcesFiltering - skip non existing resourceDirectory C:\data\spring\Internationalization_i18n_Comprehensive_Task\src\test\resources
2025-05-23 09:58:16,684 [Worker-43: Building] INFO  o.a.m.s.f.DefaultMavenResourcesFiltering - skip non existing resourceDirectory C:\data\spring\Internationalization_i18n_Comprehensive_Task\src\main\resources
2025-05-23 09:58:16,688 [Worker-43: Building] INFO  o.a.m.s.f.DefaultMavenResourcesFiltering - skip non existing resourceDirectory C:\data\spring\Internationalization_i18n_Comprehensive_Task\src\test\resources
2025-05-23 09:58:27,691 [Worker-43: Building] INFO  o.a.m.s.f.DefaultMavenResourcesFiltering - skip non existing resourceDirectory C:\data\spring\Internationalization_i18n_Comprehensive_Task\src\main\resources
2025-05-23 09:58:27,694 [Worker-43: Building] INFO  o.a.m.s.f.DefaultMavenResourcesFiltering - skip non existing resourceDirectory C:\data\spring\Internationalization_i18n_Comprehensive_Task\src\test\resources
2025-05-23 09:59:16,087 [Worker-45: Building] INFO  o.a.m.s.f.DefaultMavenResourcesFiltering - skip non existing resourceDirectory C:\data\spring\Internationalization_i18n_Comprehensive_Task\src\main\resources
2025-05-23 09:59:16,089 [Worker-45: Building] INFO  o.a.m.s.f.DefaultMavenResourcesFiltering - skip non existing resourceDirectory C:\data\spring\Internationalization_i18n_Comprehensive_Task\src\test\resources
2025-05-23 09:59:27,438 [Worker-46: Building] INFO  o.a.m.s.f.DefaultMavenResourcesFiltering - skip non existing resourceDirectory C:\data\spring\Internationalization_i18n_Comprehensive_Task\src\main\resources
2025-05-23 09:59:27,438 [Worker-46: Building] INFO  o.a.m.s.f.DefaultMavenResourcesFiltering - skip non existing resourceDirectory C:\data\spring\Internationalization_i18n_Comprehensive_Task\src\test\resources
2025-05-23 10:00:01,513 [Worker-43: Building] INFO  o.a.m.s.f.DefaultMavenResourcesFiltering - Copying 0 resource from src\main\resources to target\classes
2025-05-23 10:00:01,516 [Worker-43: Building] INFO  o.a.m.s.f.DefaultMavenResourcesFiltering - Copying 0 resource from src\test\resources to target\test-classes
2025-05-23 10:00:12,953 [Worker-45: Building] INFO  o.a.m.s.f.DefaultMavenResourcesFiltering - Copying 0 resource from src\main\resources to target\classes
2025-05-23 10:00:12,956 [Worker-45: Building] INFO  o.a.m.s.f.DefaultMavenResourcesFiltering - Copying 0 resource from src\test\resources to target\test-classes
2025-05-23 10:01:05,338 [Worker-47: Building] INFO  o.a.m.s.f.DefaultMavenResourcesFiltering - Copying 0 resource from src\main\resources to target\classes
2025-05-23 10:01:05,340 [Worker-47: Building] INFO  o.a.m.s.f.DefaultMavenResourcesFiltering - Copying 0 resource from src\test\resources to target\test-classes
2025-05-23 10:01:10,480 [Worker-43: Building] INFO  o.a.m.s.f.DefaultMavenResourcesFiltering - Copying 0 resource from src\main\resources to target\classes
2025-05-23 10:01:10,483 [Worker-43: Building] INFO  o.a.m.s.f.DefaultMavenResourcesFiltering - Copying 0 resource from src\test\resources to target\test-classes
2025-05-23 10:02:15,959 [Worker-43: Building] INFO  o.a.m.s.f.DefaultMavenResourcesFiltering - Copying 0 resource from src\main\resources to target\classes
2025-05-23 10:02:15,961 [Worker-43: Building] INFO  o.a.m.s.f.DefaultMavenResourcesFiltering - Copying 0 resource from src\test\resources to target\test-classes
2025-05-23 10:03:13,881 [Worker-44: Building] INFO  o.a.m.s.f.DefaultMavenResourcesFiltering - Copying 0 resource from src\main\resources to target\classes
2025-05-23 10:03:13,884 [Worker-44: Building] INFO  o.a.m.s.f.DefaultMavenResourcesFiltering - Copying 0 resource from src\test\resources to target\test-classes
2025-05-23 10:05:12,284 [Worker-47: Building] INFO  o.a.m.s.f.DefaultMavenResourcesFiltering - Copying 1 resource from src\main\resources to target\classes
2025-05-23 10:05:12,290 [Worker-47: Building] INFO  o.a.m.s.f.DefaultMavenResourcesFiltering - Copying 0 resource from src\test\resources to target\test-classes
2025-05-23 10:05:14,734 [Worker-45: Building] INFO  o.a.m.s.f.DefaultMavenResourcesFiltering - Copying 2 resources from src\main\resources to target\classes
2025-05-23 10:05:14,739 [Worker-45: Building] INFO  o.a.m.s.f.DefaultMavenResourcesFiltering - Copying 0 resource from src\test\resources to target\test-classes
2025-05-23 10:05:25,526 [Worker-42: Building] INFO  o.a.m.s.f.DefaultMavenResourcesFiltering - Copying 3 resources from src\main\resources to target\classes
2025-05-23 10:05:25,531 [Worker-42: Building] INFO  o.a.m.s.f.DefaultMavenResourcesFiltering - Copying 0 resource from src\test\resources to target\test-classes
2025-05-23 10:05:52,920 [Worker-42: Building] INFO  o.a.m.s.f.DefaultMavenResourcesFiltering - Copying 3 resources from src\main\resources to target\classes
2025-05-23 10:05:52,920 [Worker-42: Building] INFO  o.a.m.s.f.DefaultMavenResourcesFiltering - Copying 0 resource from src\test\resources to target\test-classes
2025-05-23 10:05:58,406 [Worker-48: Building] INFO  o.a.m.s.f.DefaultMavenResourcesFiltering - Copying 3 resources from src\main\resources to target\classes
2025-05-23 10:05:58,410 [Worker-48: Building] INFO  o.a.m.s.f.DefaultMavenResourcesFiltering - Copying 0 resource from src\test\resources to target\test-classes
2025-05-23 10:07:32,975 [Worker-44: Building] INFO  o.a.m.s.f.DefaultMavenResourcesFiltering - Copying 1 resource from src\main\resources to target\classes
2025-05-23 10:07:32,982 [Worker-44: Building] INFO  o.a.m.s.f.DefaultMavenResourcesFiltering - Copying 0 resource from src\test\resources to target\test-classes
2025-05-23 10:07:42,447 [Worker-44: Building] INFO  o.a.m.s.f.DefaultMavenResourcesFiltering - Copying 1 resource from src\main\resources to target\classes
2025-05-23 10:07:42,451 [Worker-44: Building] INFO  o.a.m.s.f.DefaultMavenResourcesFiltering - Copying 0 resource from src\test\resources to target\test-classes
2025-05-23 10:08:08,159 [Worker-49: Building] INFO  o.a.m.s.f.DefaultMavenResourcesFiltering - Copying 3 resources from src\main\resources to target\classes
2025-05-23 10:08:08,163 [Worker-49: Building] INFO  o.a.m.s.f.DefaultMavenResourcesFiltering - Copying 0 resource from src\test\resources to target\test-classes
2025-05-23 10:08:45,040 [Worker-44: Building] INFO  o.a.m.s.f.DefaultMavenResourcesFiltering - Copying 3 resources from src\main\resources to target\classes
2025-05-23 10:08:45,045 [Worker-44: Building] INFO  o.a.m.s.f.DefaultMavenResourcesFiltering - Copying 0 resource from src\test\resources to target\test-classes
2025-05-23 10:08:50,675 [Worker-45: Building] INFO  o.a.m.s.f.DefaultMavenResourcesFiltering - Copying 3 resources from src\main\resources to target\classes
2025-05-23 10:08:50,679 [Worker-45: Building] INFO  o.a.m.s.f.DefaultMavenResourcesFiltering - Copying 0 resource from src\test\resources to target\test-classes
2025-05-23 10:11:04,740 [Worker-47: Building] INFO  o.a.m.s.f.DefaultMavenResourcesFiltering - Copying 3 resources from src\main\resources to target\classes
2025-05-23 10:11:04,744 [Worker-47: Building] INFO  o.a.m.s.f.DefaultMavenResourcesFiltering - Copying 0 resource from src\test\resources to target\test-classes
2025-05-23 10:11:37,774 [Worker-48: Building] INFO  o.a.m.s.f.DefaultMavenResourcesFiltering - Copying 3 resources from src\main\resources to target\classes
2025-05-23 10:11:37,777 [Worker-48: Building] INFO  o.a.m.s.f.DefaultMavenResourcesFiltering - Copying 0 resource from src\test\resources to target\test-classes
2025-05-23 10:11:42,704 [Worker-45: Building] INFO  o.a.m.s.f.DefaultMavenResourcesFiltering - Copying 3 resources from src\main\resources to target\classes
2025-05-23 10:11:42,707 [Worker-45: Building] INFO  o.a.m.s.f.DefaultMavenResourcesFiltering - Copying 0 resource from src\test\resources to target\test-classes
2025-05-23 10:11:54,378 [Worker-47: Building] INFO  o.a.m.s.f.DefaultMavenResourcesFiltering - Copying 3 resources from src\main\resources to target\classes
2025-05-23 10:11:54,380 [Worker-47: Building] INFO  o.a.m.s.f.DefaultMavenResourcesFiltering - Copying 0 resource from src\test\resources to target\test-classes
2025-05-23 10:11:59,729 [Worker-49: Building] INFO  o.a.m.s.f.DefaultMavenResourcesFiltering - Copying 3 resources from src\main\resources to target\classes
2025-05-23 10:11:59,734 [Worker-49: Building] INFO  o.a.m.s.f.DefaultMavenResourcesFiltering - Copying 0 resource from src\test\resources to target\test-classes
2025-05-23 10:12:12,465 [Worker-49: Building] INFO  o.a.m.s.f.DefaultMavenResourcesFiltering - Copying 3 resources from src\main\resources to target\classes
2025-05-23 10:12:12,468 [Worker-49: Building] INFO  o.a.m.s.f.DefaultMavenResourcesFiltering - Copying 0 resource from src\test\resources to target\test-classes
2025-05-23 10:15:27,051 [Worker-44: Building] INFO  o.a.m.s.f.DefaultMavenResourcesFiltering - Copying 3 resources from src\main\resources to target\classes
2025-05-23 10:15:27,056 [Worker-44: Building] INFO  o.a.m.s.f.DefaultMavenResourcesFiltering - Copying 0 resource from src\test\resources to target\test-classes
2025-05-23 10:16:28,359 [Worker-45: Building] INFO  o.a.m.s.f.DefaultMavenResourcesFiltering - Copying 3 resources from src\main\resources to target\classes
2025-05-23 10:16:28,365 [Worker-45: Building] INFO  o.a.m.s.f.DefaultMavenResourcesFiltering - Copying 0 resource from src\test\resources to target\test-classes
2025-05-23 10:17:03,641 [Worker-43: Building] INFO  o.a.m.s.f.DefaultMavenResourcesFiltering - Copying 1 resource from src\main\resources to target\classes
2025-05-23 10:17:03,647 [Worker-43: Building] INFO  o.a.m.s.f.DefaultMavenResourcesFiltering - Copying 0 resource from src\test\resources to target\test-classes
2025-05-23 10:17:08,655 [Worker-51: Building] INFO  o.a.m.s.f.DefaultMavenResourcesFiltering - Copying 3 resources from src\main\resources to target\classes
2025-05-23 10:17:08,661 [Worker-51: Building] INFO  o.a.m.s.f.DefaultMavenResourcesFiltering - Copying 0 resource from src\test\resources to target\test-classes
2025-05-23 10:18:09,416 [Worker-42: Building] INFO  o.a.m.s.f.DefaultMavenResourcesFiltering - Copying 3 resources from src\main\resources to target\classes
2025-05-23 10:18:09,421 [Worker-42: Building] INFO  o.a.m.s.f.DefaultMavenResourcesFiltering - Copying 0 resource from src\test\resources to target\test-classes
2025-05-23 10:22:27,022 [Worker-53: Building] INFO  o.a.m.s.f.DefaultMavenResourcesFiltering - Copying 1 resource from src\main\resources to target\classes
2025-05-23 10:22:27,029 [Worker-53: Building] INFO  o.a.m.s.f.DefaultMavenResourcesFiltering - Copying 0 resource from src\test\resources to target\test-classes
2025-05-23 10:22:43,898 [Worker-42: Launching test (4)] INFO  o.a.m.s.f.DefaultMavenResourcesFiltering - Copying 3 resources from src\main\resources to target\classes
2025-05-23 10:22:43,901 [Worker-42: Launching test (4)] INFO  o.a.m.s.f.DefaultMavenResourcesFiltering - Copying 0 resource from src\test\resources to target\test-classes
2025-05-23 10:23:01,058 [Worker-52: Building] INFO  o.a.m.s.f.DefaultMavenResourcesFiltering - Copying 1 resource from src\main\resources to target\classes
2025-05-23 10:23:01,064 [Worker-52: Building] INFO  o.a.m.s.f.DefaultMavenResourcesFiltering - Copying 0 resource from src\test\resources to target\test-classes
2025-05-23 10:23:07,446 [Worker-53: Building] INFO  o.a.m.s.f.DefaultMavenResourcesFiltering - Copying 1 resource from src\main\resources to target\classes
2025-05-23 10:23:07,455 [Worker-53: Building] INFO  o.a.m.s.f.DefaultMavenResourcesFiltering - Copying 0 resource from src\test\resources to target\test-classes
2025-05-23 10:23:38,368 [Worker-53: Building] INFO  o.a.m.s.f.DefaultMavenResourcesFiltering - Copying 3 resources from src\main\resources to target\classes
2025-05-23 10:23:38,372 [Worker-53: Building] INFO  o.a.m.s.f.DefaultMavenResourcesFiltering - Copying 0 resource from src\test\resources to target\test-classes
2025-05-23 10:24:51,713 [Worker-43: Building] INFO  o.a.m.s.f.DefaultMavenResourcesFiltering - Copying 1 resource from src\main\resources to target\classes
2025-05-23 10:24:51,720 [Worker-43: Building] INFO  o.a.m.s.f.DefaultMavenResourcesFiltering - Copying 0 resource from src\test\resources to target\test-classes
2025-05-23 10:24:53,177 [Worker-43: Building] INFO  o.a.m.s.f.DefaultMavenResourcesFiltering - Copying 3 resources from src\main\resources to target\classes
2025-05-23 10:24:53,181 [Worker-43: Building] INFO  o.a.m.s.f.DefaultMavenResourcesFiltering - Copying 0 resource from src\test\resources to target\test-classes
2025-05-23 10:25:07,275 [Worker-56: Building] INFO  o.a.m.s.f.DefaultMavenResourcesFiltering - Copying 3 resources from src\main\resources to target\classes
2025-05-23 10:25:07,280 [Worker-56: Building] INFO  o.a.m.s.f.DefaultMavenResourcesFiltering - Copying 0 resource from src\test\resources to target\test-classes
2025-05-23 10:43:43,559 [Worker-54: Launching test (4)] INFO  o.a.m.s.f.DefaultMavenResourcesFiltering - Copying 3 resources from src\main\resources to target\classes
2025-05-23 10:43:43,562 [Worker-54: Launching test (4)] INFO  o.a.m.s.f.DefaultMavenResourcesFiltering - Copying 0 resource from src\test\resources to target\test-classes
2025-05-24 08:25:36,853 [Worker-8: Loading available Gradle versions] INFO  o.e.b.c.i.u.g.PublishedGradleVersions - Gradle version information cache is up-to-date. Trying to read.
2025-05-24 08:28:41,436 [Worker-3: Loading available Gradle versions] INFO  o.e.b.c.i.u.g.PublishedGradleVersions - Gradle version information cache is up-to-date. Trying to read.
2025-05-24 08:28:50,049 [Worker-6: Building] INFO  o.a.m.s.f.DefaultMavenResourcesFiltering - Copying 3 resources from src\main\resources to target\classes
2025-05-24 08:28:50,082 [Worker-6: Building] INFO  o.a.m.s.f.DefaultMavenResourcesFiltering - Copying 0 resource from src\test\resources to target\test-classes
2025-05-24 09:13:21,383 [Worker-13: Updating Maven Dependencies] ERROR o.e.m.j.i.l.MavenLaunchConfigurationListener - Launch configuration test (4) references closed project Internationalization_i18n_Comprehensive_Task
org.eclipse.core.runtime.CoreException: Launch configuration test (4) references closed project Internationalization_i18n_Comprehensive_Task
	at org.eclipse.jdt.launching.JavaRuntime.abort(JavaRuntime.java:1871)
	at org.eclipse.jdt.launching.JavaRuntime.getJavaProject(JavaRuntime.java:1745)
	at org.eclipse.m2e.jdt.internal.launch.MavenLaunchConfigurationListener.updateLaunchConfiguration(MavenLaunchConfigurationListener.java:66)
	at org.eclipse.m2e.jdt.internal.launch.MavenLaunchConfigurationListener.launchConfigurationChanged(MavenLaunchConfigurationListener.java:52)
	at org.eclipse.debug.internal.core.LaunchManager$ConfigurationNotifier.run(LaunchManager.java:220)
	at org.eclipse.core.runtime.SafeRunner.run(SafeRunner.java:47)
	at org.eclipse.debug.internal.core.LaunchManager$ConfigurationNotifier.notify(LaunchManager.java:204)
	at org.eclipse.debug.internal.core.LaunchConfigurationWorkingCopy.setDirty(LaunchConfigurationWorkingCopy.java:527)
	at org.eclipse.debug.internal.core.LaunchConfigurationWorkingCopy.setAttribute(LaunchConfigurationWorkingCopy.java:415)
	at org.eclipse.m2e.jdt.internal.launch.MavenRuntimeClasspathProvider.disable(MavenRuntimeClasspathProvider.java:409)
	at org.eclipse.m2e.jdt.internal.launch.MavenRuntimeClasspathProvider.disable(MavenRuntimeClasspathProvider.java:435)
	at org.eclipse.m2e.jdt.internal.launch.MavenLaunchConfigurationListener.mavenProjectChanged(MavenLaunchConfigurationListener.java:137)
	at org.eclipse.m2e.core.internal.project.registry.ProjectRegistryManager.notifyProjectChangeListeners(ProjectRegistryManager.java:892)
	at org.eclipse.m2e.core.internal.project.registry.ProjectRegistryManager.applyMutableProjectRegistry(ProjectRegistryManager.java:1042)
	at org.eclipse.m2e.core.internal.project.registry.ProjectRegistryRefreshJob.lambda$0(ProjectRegistryRefreshJob.java:162)
	at org.eclipse.m2e.core.internal.embedder.MavenExecutionContext.executeBare(MavenExecutionContext.java:458)
	at org.eclipse.m2e.core.internal.embedder.MavenExecutionContext.execute(MavenExecutionContext.java:339)
	at org.eclipse.m2e.core.internal.embedder.MavenExecutionContext.execute(MavenExecutionContext.java:278)
	at org.eclipse.m2e.core.internal.project.registry.ProjectRegistryRefreshJob.run(ProjectRegistryRefreshJob.java:106)
	at org.eclipse.core.internal.jobs.Worker.run(Worker.java:63)
2025-05-24 09:13:21,387 [Worker-13: Updating Maven Dependencies] ERROR o.e.m.j.i.l.MavenLaunchConfigurationListener - Launch configuration test (4) references closed project Internationalization_i18n_Comprehensive_Task
org.eclipse.core.runtime.CoreException: Launch configuration test (4) references closed project Internationalization_i18n_Comprehensive_Task
	at org.eclipse.jdt.launching.JavaRuntime.abort(JavaRuntime.java:1871)
	at org.eclipse.jdt.launching.JavaRuntime.getJavaProject(JavaRuntime.java:1745)
	at org.eclipse.m2e.jdt.internal.launch.MavenLaunchConfigurationListener.updateLaunchConfiguration(MavenLaunchConfigurationListener.java:66)
	at org.eclipse.m2e.jdt.internal.launch.MavenLaunchConfigurationListener.launchConfigurationChanged(MavenLaunchConfigurationListener.java:52)
	at org.eclipse.debug.internal.core.LaunchManager$ConfigurationNotifier.run(LaunchManager.java:220)
	at org.eclipse.core.runtime.SafeRunner.run(SafeRunner.java:47)
	at org.eclipse.debug.internal.core.LaunchManager$ConfigurationNotifier.notify(LaunchManager.java:204)
	at org.eclipse.debug.internal.core.LaunchConfigurationWorkingCopy.setDirty(LaunchConfigurationWorkingCopy.java:527)
	at org.eclipse.debug.internal.core.LaunchConfigurationWorkingCopy.setAttribute(LaunchConfigurationWorkingCopy.java:415)
	at org.eclipse.m2e.jdt.internal.launch.MavenRuntimeClasspathProvider.disable(MavenRuntimeClasspathProvider.java:410)
	at org.eclipse.m2e.jdt.internal.launch.MavenRuntimeClasspathProvider.disable(MavenRuntimeClasspathProvider.java:435)
	at org.eclipse.m2e.jdt.internal.launch.MavenLaunchConfigurationListener.mavenProjectChanged(MavenLaunchConfigurationListener.java:137)
	at org.eclipse.m2e.core.internal.project.registry.ProjectRegistryManager.notifyProjectChangeListeners(ProjectRegistryManager.java:892)
	at org.eclipse.m2e.core.internal.project.registry.ProjectRegistryManager.applyMutableProjectRegistry(ProjectRegistryManager.java:1042)
	at org.eclipse.m2e.core.internal.project.registry.ProjectRegistryRefreshJob.lambda$0(ProjectRegistryRefreshJob.java:162)
	at org.eclipse.m2e.core.internal.embedder.MavenExecutionContext.executeBare(MavenExecutionContext.java:458)
	at org.eclipse.m2e.core.internal.embedder.MavenExecutionContext.execute(MavenExecutionContext.java:339)
	at org.eclipse.m2e.core.internal.embedder.MavenExecutionContext.execute(MavenExecutionContext.java:278)
	at org.eclipse.m2e.core.internal.project.registry.ProjectRegistryRefreshJob.run(ProjectRegistryRefreshJob.java:106)
	at org.eclipse.core.internal.jobs.Worker.run(Worker.java:63)
2025-05-24 09:13:21,393 [Worker-13: Updating Maven Dependencies] ERROR o.e.m.j.i.l.MavenLaunchConfigurationListener - Launch configuration test (4) references closed project Internationalization_i18n_Comprehensive_Task
org.eclipse.core.runtime.CoreException: Launch configuration test (4) references closed project Internationalization_i18n_Comprehensive_Task
	at org.eclipse.jdt.launching.JavaRuntime.abort(JavaRuntime.java:1871)
	at org.eclipse.jdt.launching.JavaRuntime.getJavaProject(JavaRuntime.java:1745)
	at org.eclipse.m2e.jdt.internal.launch.MavenLaunchConfigurationListener.updateLaunchConfiguration(MavenLaunchConfigurationListener.java:66)
	at org.eclipse.m2e.jdt.internal.launch.MavenLaunchConfigurationListener.launchConfigurationChanged(MavenLaunchConfigurationListener.java:52)
	at org.eclipse.debug.internal.core.LaunchManager$ConfigurationNotifier.run(LaunchManager.java:220)
	at org.eclipse.core.runtime.SafeRunner.run(SafeRunner.java:47)
	at org.eclipse.debug.internal.core.LaunchManager$ConfigurationNotifier.notify(LaunchManager.java:204)
	at org.eclipse.debug.internal.core.LaunchManager.launchConfigurationChanged(LaunchManager.java:2009)
	at org.eclipse.debug.internal.core.LaunchConfigurationWorkingCopy.writeNewFile(LaunchConfigurationWorkingCopy.java:380)
	at org.eclipse.debug.internal.core.LaunchConfigurationWorkingCopy.doSave0(LaunchConfigurationWorkingCopy.java:259)
	at org.eclipse.debug.internal.core.LaunchConfigurationWorkingCopy.doSave(LaunchConfigurationWorkingCopy.java:229)
	at org.eclipse.debug.internal.core.LaunchConfigurationWorkingCopy.doSave(LaunchConfigurationWorkingCopy.java:187)
	at org.eclipse.m2e.jdt.internal.launch.MavenRuntimeClasspathProvider.disable(MavenRuntimeClasspathProvider.java:411)
	at org.eclipse.m2e.jdt.internal.launch.MavenRuntimeClasspathProvider.disable(MavenRuntimeClasspathProvider.java:435)
	at org.eclipse.m2e.jdt.internal.launch.MavenLaunchConfigurationListener.mavenProjectChanged(MavenLaunchConfigurationListener.java:137)
	at org.eclipse.m2e.core.internal.project.registry.ProjectRegistryManager.notifyProjectChangeListeners(ProjectRegistryManager.java:892)
	at org.eclipse.m2e.core.internal.project.registry.ProjectRegistryManager.applyMutableProjectRegistry(ProjectRegistryManager.java:1042)
	at org.eclipse.m2e.core.internal.project.registry.ProjectRegistryRefreshJob.lambda$0(ProjectRegistryRefreshJob.java:162)
	at org.eclipse.m2e.core.internal.embedder.MavenExecutionContext.executeBare(MavenExecutionContext.java:458)
	at org.eclipse.m2e.core.internal.embedder.MavenExecutionContext.execute(MavenExecutionContext.java:339)
	at org.eclipse.m2e.core.internal.embedder.MavenExecutionContext.execute(MavenExecutionContext.java:278)
	at org.eclipse.m2e.core.internal.project.registry.ProjectRegistryRefreshJob.run(ProjectRegistryRefreshJob.java:106)
	at org.eclipse.core.internal.jobs.Worker.run(Worker.java:63)
2025-05-24 09:16:49,198 [Worker-30: Launching mavenrun-2c42d4a2-a6f0-4843-b7b2-c4d826ab5317] INFO  o.eclipse.m2e.core.internal.Bundles - getClasspathEntries(Bundle=org.eclipse.m2e.maven.runtime_3.9.900.20250220-2013 [637])
2025-05-24 09:16:49,200 [Worker-30: Launching mavenrun-2c42d4a2-a6f0-4843-b7b2-c4d826ab5317] INFO  o.eclipse.m2e.core.internal.Bundles - 	Entry: C:\Users\harsh\.p2\pool\plugins\org.eclipse.m2e.maven.runtime_3.9.900.20250220-2013
2025-05-24 09:16:49,201 [Worker-30: Launching mavenrun-2c42d4a2-a6f0-4843-b7b2-c4d826ab5317] INFO  o.eclipse.m2e.core.internal.Bundles - 	Entry: C:\Users\harsh\.p2\pool\plugins\org.eclipse.m2e.maven.runtime_3.9.900.20250220-2013\jars\aopalliance-1.0.jar
2025-05-24 09:16:49,201 [Worker-30: Launching mavenrun-2c42d4a2-a6f0-4843-b7b2-c4d826ab5317] INFO  o.eclipse.m2e.core.internal.Bundles - 	Entry: C:\Users\harsh\.p2\pool\plugins\org.eclipse.m2e.maven.runtime_3.9.900.20250220-2013\jars\guice-5.1.0.jar
2025-05-24 09:16:49,201 [Worker-30: Launching mavenrun-2c42d4a2-a6f0-4843-b7b2-c4d826ab5317] INFO  o.eclipse.m2e.core.internal.Bundles - 	Entry: C:\Users\harsh\.p2\pool\plugins\org.eclipse.m2e.maven.runtime_3.9.900.20250220-2013\jars\httpclient-4.5.14.jar
2025-05-24 09:16:49,201 [Worker-30: Launching mavenrun-2c42d4a2-a6f0-4843-b7b2-c4d826ab5317] INFO  o.eclipse.m2e.core.internal.Bundles - 	Entry: C:\Users\harsh\.p2\pool\plugins\org.eclipse.m2e.maven.runtime_3.9.900.20250220-2013\jars\httpcore-4.4.16.jar
2025-05-24 09:16:49,201 [Worker-30: Launching mavenrun-2c42d4a2-a6f0-4843-b7b2-c4d826ab5317] INFO  o.eclipse.m2e.core.internal.Bundles - 	Entry: C:\Users\harsh\.p2\pool\plugins\org.eclipse.m2e.maven.runtime_3.9.900.20250220-2013\jars\jansi-2.4.1.jar
2025-05-24 09:16:49,201 [Worker-30: Launching mavenrun-2c42d4a2-a6f0-4843-b7b2-c4d826ab5317] INFO  o.eclipse.m2e.core.internal.Bundles - 	Entry: C:\Users\harsh\.p2\pool\plugins\org.eclipse.m2e.maven.runtime_3.9.900.20250220-2013\jars\jcl-over-slf4j-1.7.36.jar
2025-05-24 09:16:49,201 [Worker-30: Launching mavenrun-2c42d4a2-a6f0-4843-b7b2-c4d826ab5317] INFO  o.eclipse.m2e.core.internal.Bundles - 	Entry: C:\Users\harsh\.p2\pool\plugins\org.eclipse.m2e.maven.runtime_3.9.900.20250220-2013\jars\maven-artifact-3.9.9.jar
2025-05-24 09:16:49,202 [Worker-30: Launching mavenrun-2c42d4a2-a6f0-4843-b7b2-c4d826ab5317] INFO  o.eclipse.m2e.core.internal.Bundles - 	Entry: C:\Users\harsh\.p2\pool\plugins\org.eclipse.m2e.maven.runtime_3.9.900.20250220-2013\jars\maven-builder-support-3.9.9.jar
2025-05-24 09:16:49,202 [Worker-30: Launching mavenrun-2c42d4a2-a6f0-4843-b7b2-c4d826ab5317] INFO  o.eclipse.m2e.core.internal.Bundles - 	Entry: C:\Users\harsh\.p2\pool\plugins\org.eclipse.m2e.maven.runtime_3.9.900.20250220-2013\jars\maven-compat-3.9.9.jar
2025-05-24 09:16:49,202 [Worker-30: Launching mavenrun-2c42d4a2-a6f0-4843-b7b2-c4d826ab5317] INFO  o.eclipse.m2e.core.internal.Bundles - 	Entry: C:\Users\harsh\.p2\pool\plugins\org.eclipse.m2e.maven.runtime_3.9.900.20250220-2013\jars\maven-core-3.9.9.jar
2025-05-24 09:16:49,202 [Worker-30: Launching mavenrun-2c42d4a2-a6f0-4843-b7b2-c4d826ab5317] INFO  o.eclipse.m2e.core.internal.Bundles - 	Entry: C:\Users\harsh\.p2\pool\plugins\org.eclipse.m2e.maven.runtime_3.9.900.20250220-2013\jars\maven-embedder-3.9.9.jar
2025-05-24 09:16:49,202 [Worker-30: Launching mavenrun-2c42d4a2-a6f0-4843-b7b2-c4d826ab5317] INFO  o.eclipse.m2e.core.internal.Bundles - 	Entry: C:\Users\harsh\.p2\pool\plugins\org.eclipse.m2e.maven.runtime_3.9.900.20250220-2013\jars\maven-model-3.9.9.jar
2025-05-24 09:16:49,202 [Worker-30: Launching mavenrun-2c42d4a2-a6f0-4843-b7b2-c4d826ab5317] INFO  o.eclipse.m2e.core.internal.Bundles - 	Entry: C:\Users\harsh\.p2\pool\plugins\org.eclipse.m2e.maven.runtime_3.9.900.20250220-2013\jars\maven-model-builder-3.9.9.jar
2025-05-24 09:16:49,202 [Worker-30: Launching mavenrun-2c42d4a2-a6f0-4843-b7b2-c4d826ab5317] INFO  o.eclipse.m2e.core.internal.Bundles - 	Entry: C:\Users\harsh\.p2\pool\plugins\org.eclipse.m2e.maven.runtime_3.9.900.20250220-2013\jars\maven-plugin-api-3.9.9.jar
2025-05-24 09:16:49,202 [Worker-30: Launching mavenrun-2c42d4a2-a6f0-4843-b7b2-c4d826ab5317] INFO  o.eclipse.m2e.core.internal.Bundles - 	Entry: C:\Users\harsh\.p2\pool\plugins\org.eclipse.m2e.maven.runtime_3.9.900.20250220-2013\jars\maven-repository-metadata-3.9.9.jar
2025-05-24 09:16:49,203 [Worker-30: Launching mavenrun-2c42d4a2-a6f0-4843-b7b2-c4d826ab5317] INFO  o.eclipse.m2e.core.internal.Bundles - 	Entry: C:\Users\harsh\.p2\pool\plugins\org.eclipse.m2e.maven.runtime_3.9.900.20250220-2013\jars\maven-resolver-api-1.9.22.jar
2025-05-24 09:16:49,203 [Worker-30: Launching mavenrun-2c42d4a2-a6f0-4843-b7b2-c4d826ab5317] INFO  o.eclipse.m2e.core.internal.Bundles - 	Entry: C:\Users\harsh\.p2\pool\plugins\org.eclipse.m2e.maven.runtime_3.9.900.20250220-2013\jars\maven-resolver-connector-basic-1.9.22.jar
2025-05-24 09:16:49,203 [Worker-30: Launching mavenrun-2c42d4a2-a6f0-4843-b7b2-c4d826ab5317] INFO  o.eclipse.m2e.core.internal.Bundles - 	Entry: C:\Users\harsh\.p2\pool\plugins\org.eclipse.m2e.maven.runtime_3.9.900.20250220-2013\jars\maven-resolver-impl-1.9.22.jar
2025-05-24 09:16:49,203 [Worker-30: Launching mavenrun-2c42d4a2-a6f0-4843-b7b2-c4d826ab5317] INFO  o.eclipse.m2e.core.internal.Bundles - 	Entry: C:\Users\harsh\.p2\pool\plugins\org.eclipse.m2e.maven.runtime_3.9.900.20250220-2013\jars\maven-resolver-named-locks-1.9.22.jar
2025-05-24 09:16:49,203 [Worker-30: Launching mavenrun-2c42d4a2-a6f0-4843-b7b2-c4d826ab5317] INFO  o.eclipse.m2e.core.internal.Bundles - 	Entry: C:\Users\harsh\.p2\pool\plugins\org.eclipse.m2e.maven.runtime_3.9.900.20250220-2013\jars\maven-resolver-provider-3.9.9.jar
2025-05-24 09:16:49,203 [Worker-30: Launching mavenrun-2c42d4a2-a6f0-4843-b7b2-c4d826ab5317] INFO  o.eclipse.m2e.core.internal.Bundles - 	Entry: C:\Users\harsh\.p2\pool\plugins\org.eclipse.m2e.maven.runtime_3.9.900.20250220-2013\jars\maven-resolver-spi-1.9.22.jar
2025-05-24 09:16:49,203 [Worker-30: Launching mavenrun-2c42d4a2-a6f0-4843-b7b2-c4d826ab5317] INFO  o.eclipse.m2e.core.internal.Bundles - 	Entry: C:\Users\harsh\.p2\pool\plugins\org.eclipse.m2e.maven.runtime_3.9.900.20250220-2013\jars\maven-resolver-transport-file-1.9.22.jar
2025-05-24 09:16:49,203 [Worker-30: Launching mavenrun-2c42d4a2-a6f0-4843-b7b2-c4d826ab5317] INFO  o.eclipse.m2e.core.internal.Bundles - 	Entry: C:\Users\harsh\.p2\pool\plugins\org.eclipse.m2e.maven.runtime_3.9.900.20250220-2013\jars\maven-resolver-transport-http-1.9.22.jar
2025-05-24 09:16:49,203 [Worker-30: Launching mavenrun-2c42d4a2-a6f0-4843-b7b2-c4d826ab5317] INFO  o.eclipse.m2e.core.internal.Bundles - 	Entry: C:\Users\harsh\.p2\pool\plugins\org.eclipse.m2e.maven.runtime_3.9.900.20250220-2013\jars\maven-resolver-transport-wagon-1.9.22.jar
2025-05-24 09:16:49,204 [Worker-30: Launching mavenrun-2c42d4a2-a6f0-4843-b7b2-c4d826ab5317] INFO  o.eclipse.m2e.core.internal.Bundles - 	Entry: C:\Users\harsh\.p2\pool\plugins\org.eclipse.m2e.maven.runtime_3.9.900.20250220-2013\jars\maven-resolver-util-1.9.22.jar
2025-05-24 09:16:49,204 [Worker-30: Launching mavenrun-2c42d4a2-a6f0-4843-b7b2-c4d826ab5317] INFO  o.eclipse.m2e.core.internal.Bundles - 	Entry: C:\Users\harsh\.p2\pool\plugins\org.eclipse.m2e.maven.runtime_3.9.900.20250220-2013\jars\maven-settings-3.9.9.jar
2025-05-24 09:16:49,204 [Worker-30: Launching mavenrun-2c42d4a2-a6f0-4843-b7b2-c4d826ab5317] INFO  o.eclipse.m2e.core.internal.Bundles - 	Entry: C:\Users\harsh\.p2\pool\plugins\org.eclipse.m2e.maven.runtime_3.9.900.20250220-2013\jars\maven-settings-builder-3.9.9.jar
2025-05-24 09:16:49,204 [Worker-30: Launching mavenrun-2c42d4a2-a6f0-4843-b7b2-c4d826ab5317] INFO  o.eclipse.m2e.core.internal.Bundles - 	Entry: C:\Users\harsh\.p2\pool\plugins\org.eclipse.m2e.maven.runtime_3.9.900.20250220-2013\jars\maven-shared-utils-3.4.2.jar
2025-05-24 09:16:49,204 [Worker-30: Launching mavenrun-2c42d4a2-a6f0-4843-b7b2-c4d826ab5317] INFO  o.eclipse.m2e.core.internal.Bundles - 	Entry: C:\Users\harsh\.p2\pool\plugins\org.eclipse.m2e.maven.runtime_3.9.900.20250220-2013\jars\org.eclipse.sisu.inject-0.9.0.M3.jar
2025-05-24 09:16:49,204 [Worker-30: Launching mavenrun-2c42d4a2-a6f0-4843-b7b2-c4d826ab5317] INFO  o.eclipse.m2e.core.internal.Bundles - 	Entry: C:\Users\harsh\.p2\pool\plugins\org.eclipse.m2e.maven.runtime_3.9.900.20250220-2013\jars\org.eclipse.sisu.plexus-0.9.0.M3.jar
2025-05-24 09:16:49,205 [Worker-30: Launching mavenrun-2c42d4a2-a6f0-4843-b7b2-c4d826ab5317] INFO  o.eclipse.m2e.core.internal.Bundles - 	Entry: C:\Users\harsh\.p2\pool\plugins\org.eclipse.m2e.maven.runtime_3.9.900.20250220-2013\jars\plexus-build-api-0.0.7.jar
2025-05-24 09:16:49,205 [Worker-30: Launching mavenrun-2c42d4a2-a6f0-4843-b7b2-c4d826ab5317] INFO  o.eclipse.m2e.core.internal.Bundles - 	Entry: C:\Users\harsh\.p2\pool\plugins\org.eclipse.m2e.maven.runtime_3.9.900.20250220-2013\jars\plexus-build-api-1.2.0.jar
2025-05-24 09:16:49,205 [Worker-30: Launching mavenrun-2c42d4a2-a6f0-4843-b7b2-c4d826ab5317] INFO  o.eclipse.m2e.core.internal.Bundles - 	Entry: C:\Users\harsh\.p2\pool\plugins\org.eclipse.m2e.maven.runtime_3.9.900.20250220-2013\jars\plexus-cipher-2.0.jar
2025-05-24 09:16:49,205 [Worker-30: Launching mavenrun-2c42d4a2-a6f0-4843-b7b2-c4d826ab5317] INFO  o.eclipse.m2e.core.internal.Bundles - 	Entry: C:\Users\harsh\.p2\pool\plugins\org.eclipse.m2e.maven.runtime_3.9.900.20250220-2013\jars\plexus-classworlds-2.8.0.jar
2025-05-24 09:16:49,205 [Worker-30: Launching mavenrun-2c42d4a2-a6f0-4843-b7b2-c4d826ab5317] INFO  o.eclipse.m2e.core.internal.Bundles - 	Entry: C:\Users\harsh\.p2\pool\plugins\org.eclipse.m2e.maven.runtime_3.9.900.20250220-2013\jars\plexus-component-annotations-2.1.0.jar
2025-05-24 09:16:49,206 [Worker-30: Launching mavenrun-2c42d4a2-a6f0-4843-b7b2-c4d826ab5317] INFO  o.eclipse.m2e.core.internal.Bundles - 	Entry: C:\Users\harsh\.p2\pool\plugins\org.eclipse.m2e.maven.runtime_3.9.900.20250220-2013\jars\plexus-interpolation-1.27.jar
2025-05-24 09:16:49,206 [Worker-30: Launching mavenrun-2c42d4a2-a6f0-4843-b7b2-c4d826ab5317] INFO  o.eclipse.m2e.core.internal.Bundles - 	Entry: C:\Users\harsh\.p2\pool\plugins\org.eclipse.m2e.maven.runtime_3.9.900.20250220-2013\jars\plexus-sec-dispatcher-2.0.jar
2025-05-24 09:16:49,206 [Worker-30: Launching mavenrun-2c42d4a2-a6f0-4843-b7b2-c4d826ab5317] INFO  o.eclipse.m2e.core.internal.Bundles - 	Entry: C:\Users\harsh\.p2\pool\plugins\org.eclipse.m2e.maven.runtime_3.9.900.20250220-2013\jars\plexus-utils-3.5.1.jar
2025-05-24 09:16:49,206 [Worker-30: Launching mavenrun-2c42d4a2-a6f0-4843-b7b2-c4d826ab5317] INFO  o.eclipse.m2e.core.internal.Bundles - 	Entry: C:\Users\harsh\.p2\pool\plugins\org.eclipse.m2e.maven.runtime_3.9.900.20250220-2013\jars\plexus-xml-3.0.1.jar
2025-05-24 09:16:49,206 [Worker-30: Launching mavenrun-2c42d4a2-a6f0-4843-b7b2-c4d826ab5317] INFO  o.eclipse.m2e.core.internal.Bundles - 	Entry: C:\Users\harsh\.p2\pool\plugins\org.eclipse.m2e.maven.runtime_3.9.900.20250220-2013\jars\wagon-file-3.5.3.jar
2025-05-24 09:16:49,207 [Worker-30: Launching mavenrun-2c42d4a2-a6f0-4843-b7b2-c4d826ab5317] INFO  o.eclipse.m2e.core.internal.Bundles - 	Entry: C:\Users\harsh\.p2\pool\plugins\org.eclipse.m2e.maven.runtime_3.9.900.20250220-2013\jars\wagon-http-3.5.3.jar
2025-05-24 09:16:49,207 [Worker-30: Launching mavenrun-2c42d4a2-a6f0-4843-b7b2-c4d826ab5317] INFO  o.eclipse.m2e.core.internal.Bundles - 	Entry: C:\Users\harsh\.p2\pool\plugins\org.eclipse.m2e.maven.runtime_3.9.900.20250220-2013\jars\wagon-http-shared-3.5.3.jar
2025-05-24 09:16:49,207 [Worker-30: Launching mavenrun-2c42d4a2-a6f0-4843-b7b2-c4d826ab5317] INFO  o.eclipse.m2e.core.internal.Bundles - 	Entry: C:\Users\harsh\.p2\pool\plugins\org.eclipse.m2e.maven.runtime_3.9.900.20250220-2013\jars\wagon-provider-api-3.5.3.jar
2025-05-24 09:16:49,209 [Worker-30: Launching mavenrun-2c42d4a2-a6f0-4843-b7b2-c4d826ab5317] INFO  o.eclipse.m2e.core.internal.Bundles - getClasspathEntries(Bundle=com.google.guava_33.4.6.jre [1056])
2025-05-24 09:16:49,210 [Worker-30: Launching mavenrun-2c42d4a2-a6f0-4843-b7b2-c4d826ab5317] INFO  o.eclipse.m2e.core.internal.Bundles - 	Entry: C:\Users\harsh\.p2\pool\plugins\com.google.guava_33.4.6.jre.jar
2025-05-24 09:16:49,210 [Worker-30: Launching mavenrun-2c42d4a2-a6f0-4843-b7b2-c4d826ab5317] INFO  o.eclipse.m2e.core.internal.Bundles - getClasspathEntries(Bundle=slf4j.api_2.0.17 [1048])
2025-05-24 09:16:49,210 [Worker-30: Launching mavenrun-2c42d4a2-a6f0-4843-b7b2-c4d826ab5317] INFO  o.eclipse.m2e.core.internal.Bundles - 	Entry: C:\Users\harsh\.p2\pool\plugins\slf4j.api_2.0.17.jar
2025-05-24 09:16:49,210 [Worker-30: Launching mavenrun-2c42d4a2-a6f0-4843-b7b2-c4d826ab5317] INFO  o.eclipse.m2e.core.internal.Bundles - getClasspathEntries(Bundle=jakarta.inject.jakarta.inject-api_1.0.5 [34])
2025-05-24 09:16:49,210 [Worker-30: Launching mavenrun-2c42d4a2-a6f0-4843-b7b2-c4d826ab5317] INFO  o.eclipse.m2e.core.internal.Bundles - 	Entry: C:\Users\harsh\.p2\pool\plugins\jakarta.inject.jakarta.inject-api_1.0.5.jar
2025-05-24 09:16:49,210 [Worker-30: Launching mavenrun-2c42d4a2-a6f0-4843-b7b2-c4d826ab5317] INFO  o.eclipse.m2e.core.internal.Bundles - getClasspathEntries(Bundle=jakarta.annotation-api_1.3.5 [29])
2025-05-24 09:16:49,211 [Worker-30: Launching mavenrun-2c42d4a2-a6f0-4843-b7b2-c4d826ab5317] INFO  o.eclipse.m2e.core.internal.Bundles - 	Entry: C:\Users\harsh\.p2\pool\plugins\jakarta.annotation-api_1.3.5.jar
2025-05-24 09:16:49,211 [Worker-30: Launching mavenrun-2c42d4a2-a6f0-4843-b7b2-c4d826ab5317] INFO  o.eclipse.m2e.core.internal.Bundles - getClasspathEntries(Bundle=org.apache.commons.cli_1.9.0 [74])
2025-05-24 09:16:49,211 [Worker-30: Launching mavenrun-2c42d4a2-a6f0-4843-b7b2-c4d826ab5317] INFO  o.eclipse.m2e.core.internal.Bundles - 	Entry: C:\Users\harsh\.p2\pool\plugins\org.apache.commons.cli_1.9.0.jar
2025-05-24 09:16:49,211 [Worker-30: Launching mavenrun-2c42d4a2-a6f0-4843-b7b2-c4d826ab5317] INFO  o.eclipse.m2e.core.internal.Bundles - getClasspathEntries(Bundle=org.apache.commons.commons-codec_1.16.0 [76])
2025-05-24 09:16:49,212 [Worker-30: Launching mavenrun-2c42d4a2-a6f0-4843-b7b2-c4d826ab5317] INFO  o.eclipse.m2e.core.internal.Bundles - 	Entry: C:\Users\harsh\.p2\pool\plugins\org.apache.commons.commons-codec_1.16.0.jar
2025-05-24 09:16:49,212 [Worker-30: Launching mavenrun-2c42d4a2-a6f0-4843-b7b2-c4d826ab5317] INFO  o.eclipse.m2e.core.internal.Bundles - getClasspathEntries(Bundle=com.google.guava.failureaccess_1.0.3 [1057])
2025-05-24 09:16:49,212 [Worker-30: Launching mavenrun-2c42d4a2-a6f0-4843-b7b2-c4d826ab5317] INFO  o.eclipse.m2e.core.internal.Bundles - 	Entry: C:\Users\harsh\.p2\pool\plugins\com.google.guava.failureaccess_1.0.3.jar
2025-05-24 09:16:49,217 [Worker-30: Launching mavenrun-2c42d4a2-a6f0-4843-b7b2-c4d826ab5317] INFO  o.e.m.i.launch.MavenLaunchDelegate - Run build in "C:\Users\harsh\AppData\Local\Temp\m2e-archetypeGenerator9266614979181170361":
2025-05-24 09:16:49,221 [Worker-30: Launching mavenrun-2c42d4a2-a6f0-4843-b7b2-c4d826ab5317] INFO  o.e.m.i.launch.MavenLaunchDelegate -  mvn  -DarchetypeGroupId=org.apache.maven.archetypes -DarchetypeArtifactId=maven-archetype-quickstart -DarchetypeVersion=1.1 -DgroupId=nit -DartifactId=FactoryBeanImplementationwithPrototypeScope -Dversion=0.0.1-SNAPSHOT -Dpackage=com.nit -DoutputDirectory=C:\data\spring -Dstyle.color=always -U archetype:generate
2025-05-24 09:18:04,678 [Worker-45: Creating maven-archetype-quickstart] INFO  o.e.m.c.i.p.ProjectConfigurationManager - Collecting project info '/pom.xml' C:\data\spring\FactoryBeanImplementationwithPrototypeScope\pom.xml
2025-05-24 09:18:05,039 [Worker-45: Creating maven-archetype-quickstart] INFO  o.e.m.c.i.l.LifecycleMappingFactory - Using org.eclipse.m2e.jdt.JarLifecycleMapping lifecycle mapping for MavenProject: nit:FactoryBeanImplementationwithPrototypeScope:0.0.1-SNAPSHOT @ C:\data\spring\FactoryBeanImplementationwithPrototypeScope\pom.xml.
2025-05-24 09:18:05,700 [Worker-45: Creating maven-archetype-quickstart] INFO  o.e.m.j.i.AbstractJavaProjectConfigurator - Adding source folder /FactoryBeanImplementationwithPrototypeScope/src/main/java
2025-05-24 09:18:05,702 [Worker-45: Creating maven-archetype-quickstart] INFO  o.e.m.j.i.AbstractJavaProjectConfigurator - Adding resource folder /FactoryBeanImplementationwithPrototypeScope/src/main/resources
2025-05-24 09:18:05,706 [Worker-45: Creating maven-archetype-quickstart] INFO  o.e.m.j.i.AbstractJavaProjectConfigurator - Adding source folder /FactoryBeanImplementationwithPrototypeScope/src/test/java
2025-05-24 09:18:05,708 [Worker-45: Creating maven-archetype-quickstart] INFO  o.e.m.j.i.AbstractJavaProjectConfigurator - Adding resource folder /FactoryBeanImplementationwithPrototypeScope/src/test/resources
2025-05-24 09:18:05,770 [Worker-45: Creating maven-archetype-quickstart] INFO  o.e.m.c.i.p.ProjectConfigurationManager - Imported and configured 1 project(s) in 1 sec
2025-05-24 09:18:06,134 [Worker-43: Building] INFO  o.a.m.s.f.DefaultMavenResourcesFiltering - skip non existing resourceDirectory C:\data\spring\FactoryBeanImplementationwithPrototypeScope\src\main\resources
2025-05-24 09:18:06,145 [Worker-43: Building] INFO  o.a.m.s.f.DefaultMavenResourcesFiltering - skip non existing resourceDirectory C:\data\spring\FactoryBeanImplementationwithPrototypeScope\src\test\resources
2025-05-24 09:18:27,540 [Worker-50: Building] INFO  o.a.m.s.f.DefaultMavenResourcesFiltering - skip non existing resourceDirectory C:\data\spring\FactoryBeanImplementationwithPrototypeScope\src\main\resources
2025-05-24 09:18:27,543 [Worker-50: Building] INFO  o.a.m.s.f.DefaultMavenResourcesFiltering - skip non existing resourceDirectory C:\data\spring\FactoryBeanImplementationwithPrototypeScope\src\test\resources
2025-05-24 09:18:39,207 [Worker-49: Building] INFO  o.a.m.s.f.DefaultMavenResourcesFiltering - skip non existing resourceDirectory C:\data\spring\FactoryBeanImplementationwithPrototypeScope\src\main\resources
2025-05-24 09:18:39,211 [Worker-49: Building] INFO  o.a.m.s.f.DefaultMavenResourcesFiltering - skip non existing resourceDirectory C:\data\spring\FactoryBeanImplementationwithPrototypeScope\src\test\resources
2025-05-24 09:19:02,946 [Worker-43: Building] INFO  o.a.m.s.f.DefaultMavenResourcesFiltering - Copying 0 resource from src\main\resources to target\classes
2025-05-24 09:19:02,950 [Worker-43: Building] INFO  o.a.m.s.f.DefaultMavenResourcesFiltering - Copying 0 resource from src\test\resources to target\test-classes
2025-05-24 09:19:55,658 [Worker-30: Building] INFO  o.a.m.s.f.DefaultMavenResourcesFiltering - Copying 0 resource from src\main\resources to target\classes
2025-05-24 09:19:55,664 [Worker-30: Building] INFO  o.a.m.s.f.DefaultMavenResourcesFiltering - Copying 0 resource from src\test\resources to target\test-classes
2025-05-24 09:20:02,559 [Worker-49: Building] INFO  o.a.m.s.f.DefaultMavenResourcesFiltering - Copying 0 resource from src\main\resources to target\classes
2025-05-24 09:20:02,562 [Worker-49: Building] INFO  o.a.m.s.f.DefaultMavenResourcesFiltering - Copying 0 resource from src\test\resources to target\test-classes
2025-05-24 09:20:10,252 [Worker-45: Building] INFO  o.a.m.s.f.DefaultMavenResourcesFiltering - Copying 0 resource from src\main\resources to target\classes
2025-05-24 09:20:10,255 [Worker-45: Building] INFO  o.a.m.s.f.DefaultMavenResourcesFiltering - Copying 0 resource from src\test\resources to target\test-classes
2025-05-24 09:22:01,727 [Worker-43: Building] INFO  o.a.m.s.f.DefaultMavenResourcesFiltering - Copying 0 resource from src\main\resources to target\classes
2025-05-24 09:22:01,732 [Worker-43: Building] INFO  o.a.m.s.f.DefaultMavenResourcesFiltering - Copying 0 resource from src\test\resources to target\test-classes
2025-05-24 09:22:08,513 [Worker-49: Building] INFO  o.a.m.s.f.DefaultMavenResourcesFiltering - Copying 0 resource from src\main\resources to target\classes
2025-05-24 09:22:08,516 [Worker-49: Building] INFO  o.a.m.s.f.DefaultMavenResourcesFiltering - Copying 0 resource from src\test\resources to target\test-classes
2025-05-24 09:27:15,932 [Worker-52: Building] INFO  o.a.m.s.f.DefaultMavenResourcesFiltering - Copying 0 resource from src\main\resources to target\classes
2025-05-24 09:27:15,935 [Worker-52: Building] INFO  o.a.m.s.f.DefaultMavenResourcesFiltering - Copying 0 resource from src\test\resources to target\test-classes
2025-05-25 19:46:49,057 [Worker-9: Loading available Gradle versions] INFO  o.e.b.c.i.u.g.PublishedGradleVersions - Gradle version information cache is out-of-date. Trying to update.
2025-05-25 19:47:08,812 [Worker-9: Building] INFO  o.e.m.c.i.l.LifecycleMappingFactory - Using org.eclipse.m2e.jdt.JarLifecycleMapping lifecycle mapping for MavenProject: nit:cricket:0.0.1-SNAPSHOT @ C:\data\spring\cricket\pom.xml.
2025-05-25 19:47:10,392 [Worker-9: Building] INFO  o.a.m.s.f.DefaultMavenResourcesFiltering - Copying 0 resource from src\main\resources to target\classes
2025-05-25 19:47:10,403 [Worker-9: Building] INFO  o.a.m.s.f.DefaultMavenResourcesFiltering - Copying 0 resource from src\test\resources to target\test-classes
2025-05-25 19:47:11,329 [Worker-36: Updating Maven Dependencies] INFO  o.e.m.c.i.l.LifecycleMappingFactory - Using org.eclipse.m2e.jdt.JarLifecycleMapping lifecycle mapping for MavenProject: nit:cricket:0.0.1-SNAPSHOT @ C:\data\spring\cricket\pom.xml.
2025-05-25 19:47:39,073 [Worker-12: Building] INFO  o.a.m.s.f.DefaultMavenResourcesFiltering - Copying 0 resource from src\main\resources to target\classes
2025-05-25 19:47:39,080 [Worker-12: Building] INFO  o.a.m.s.f.DefaultMavenResourcesFiltering - Copying 0 resource from src\test\resources to target\test-classes
2025-05-25 19:47:57,692 [Worker-1: Building] INFO  o.a.m.s.f.DefaultMavenResourcesFiltering - Copying 0 resource from src\main\resources to target\classes
2025-05-25 19:47:57,695 [Worker-1: Building] INFO  o.a.m.s.f.DefaultMavenResourcesFiltering - Copying 0 resource from src\test\resources to target\test-classes
2025-05-25 19:48:54,088 [Worker-21: Building] INFO  o.a.m.s.f.DefaultMavenResourcesFiltering - Copying 0 resource from src\main\resources to target\classes
2025-05-25 19:48:54,091 [Worker-21: Building] INFO  o.a.m.s.f.DefaultMavenResourcesFiltering - Copying 0 resource from src\test\resources to target\test-classes
2025-05-25 19:50:04,260 [Worker-1: Building] INFO  o.a.m.s.f.DefaultMavenResourcesFiltering - Copying 0 resource from src\main\resources to target\classes
2025-05-25 19:50:04,263 [Worker-1: Building] INFO  o.a.m.s.f.DefaultMavenResourcesFiltering - Copying 0 resource from src\test\resources to target\test-classes
2025-05-25 19:50:22,069 [Worker-9: Building] INFO  o.a.m.s.f.DefaultMavenResourcesFiltering - Copying 0 resource from src\main\resources to target\classes
2025-05-25 19:50:22,071 [Worker-9: Building] INFO  o.a.m.s.f.DefaultMavenResourcesFiltering - Copying 0 resource from src\test\resources to target\test-classes
2025-05-28 10:06:57,570 [Worker-9: Loading available Gradle versions] INFO  o.e.b.c.i.u.g.PublishedGradleVersions - Gradle version information cache is out-of-date. Trying to update.
2025-05-28 10:23:35,769 [Worker-43: Launching mavenrun-c14302b1-5f5d-43f1-9c9e-65cb34db1c65] INFO  o.eclipse.m2e.core.internal.Bundles - getClasspathEntries(Bundle=org.eclipse.m2e.maven.runtime_3.9.900.20250220-2013 [637])
2025-05-28 10:23:35,773 [Worker-43: Launching mavenrun-c14302b1-5f5d-43f1-9c9e-65cb34db1c65] INFO  o.eclipse.m2e.core.internal.Bundles - 	Entry: C:\Users\harsh\.p2\pool\plugins\org.eclipse.m2e.maven.runtime_3.9.900.20250220-2013
2025-05-28 10:23:35,773 [Worker-43: Launching mavenrun-c14302b1-5f5d-43f1-9c9e-65cb34db1c65] INFO  o.eclipse.m2e.core.internal.Bundles - 	Entry: C:\Users\harsh\.p2\pool\plugins\org.eclipse.m2e.maven.runtime_3.9.900.20250220-2013\jars\aopalliance-1.0.jar
2025-05-28 10:23:35,773 [Worker-43: Launching mavenrun-c14302b1-5f5d-43f1-9c9e-65cb34db1c65] INFO  o.eclipse.m2e.core.internal.Bundles - 	Entry: C:\Users\harsh\.p2\pool\plugins\org.eclipse.m2e.maven.runtime_3.9.900.20250220-2013\jars\guice-5.1.0.jar
2025-05-28 10:23:35,773 [Worker-43: Launching mavenrun-c14302b1-5f5d-43f1-9c9e-65cb34db1c65] INFO  o.eclipse.m2e.core.internal.Bundles - 	Entry: C:\Users\harsh\.p2\pool\plugins\org.eclipse.m2e.maven.runtime_3.9.900.20250220-2013\jars\httpclient-4.5.14.jar
2025-05-28 10:23:35,773 [Worker-43: Launching mavenrun-c14302b1-5f5d-43f1-9c9e-65cb34db1c65] INFO  o.eclipse.m2e.core.internal.Bundles - 	Entry: C:\Users\harsh\.p2\pool\plugins\org.eclipse.m2e.maven.runtime_3.9.900.20250220-2013\jars\httpcore-4.4.16.jar
2025-05-28 10:23:35,773 [Worker-43: Launching mavenrun-c14302b1-5f5d-43f1-9c9e-65cb34db1c65] INFO  o.eclipse.m2e.core.internal.Bundles - 	Entry: C:\Users\harsh\.p2\pool\plugins\org.eclipse.m2e.maven.runtime_3.9.900.20250220-2013\jars\jansi-2.4.1.jar
2025-05-28 10:23:35,773 [Worker-43: Launching mavenrun-c14302b1-5f5d-43f1-9c9e-65cb34db1c65] INFO  o.eclipse.m2e.core.internal.Bundles - 	Entry: C:\Users\harsh\.p2\pool\plugins\org.eclipse.m2e.maven.runtime_3.9.900.20250220-2013\jars\jcl-over-slf4j-1.7.36.jar
2025-05-28 10:23:35,774 [Worker-43: Launching mavenrun-c14302b1-5f5d-43f1-9c9e-65cb34db1c65] INFO  o.eclipse.m2e.core.internal.Bundles - 	Entry: C:\Users\harsh\.p2\pool\plugins\org.eclipse.m2e.maven.runtime_3.9.900.20250220-2013\jars\maven-artifact-3.9.9.jar
2025-05-28 10:23:35,774 [Worker-43: Launching mavenrun-c14302b1-5f5d-43f1-9c9e-65cb34db1c65] INFO  o.eclipse.m2e.core.internal.Bundles - 	Entry: C:\Users\harsh\.p2\pool\plugins\org.eclipse.m2e.maven.runtime_3.9.900.20250220-2013\jars\maven-builder-support-3.9.9.jar
2025-05-28 10:23:35,774 [Worker-43: Launching mavenrun-c14302b1-5f5d-43f1-9c9e-65cb34db1c65] INFO  o.eclipse.m2e.core.internal.Bundles - 	Entry: C:\Users\harsh\.p2\pool\plugins\org.eclipse.m2e.maven.runtime_3.9.900.20250220-2013\jars\maven-compat-3.9.9.jar
2025-05-28 10:23:35,774 [Worker-43: Launching mavenrun-c14302b1-5f5d-43f1-9c9e-65cb34db1c65] INFO  o.eclipse.m2e.core.internal.Bundles - 	Entry: C:\Users\harsh\.p2\pool\plugins\org.eclipse.m2e.maven.runtime_3.9.900.20250220-2013\jars\maven-core-3.9.9.jar
2025-05-28 10:23:35,774 [Worker-43: Launching mavenrun-c14302b1-5f5d-43f1-9c9e-65cb34db1c65] INFO  o.eclipse.m2e.core.internal.Bundles - 	Entry: C:\Users\harsh\.p2\pool\plugins\org.eclipse.m2e.maven.runtime_3.9.900.20250220-2013\jars\maven-embedder-3.9.9.jar
2025-05-28 10:23:35,774 [Worker-43: Launching mavenrun-c14302b1-5f5d-43f1-9c9e-65cb34db1c65] INFO  o.eclipse.m2e.core.internal.Bundles - 	Entry: C:\Users\harsh\.p2\pool\plugins\org.eclipse.m2e.maven.runtime_3.9.900.20250220-2013\jars\maven-model-3.9.9.jar
2025-05-28 10:23:35,774 [Worker-43: Launching mavenrun-c14302b1-5f5d-43f1-9c9e-65cb34db1c65] INFO  o.eclipse.m2e.core.internal.Bundles - 	Entry: C:\Users\harsh\.p2\pool\plugins\org.eclipse.m2e.maven.runtime_3.9.900.20250220-2013\jars\maven-model-builder-3.9.9.jar
2025-05-28 10:23:35,775 [Worker-43: Launching mavenrun-c14302b1-5f5d-43f1-9c9e-65cb34db1c65] INFO  o.eclipse.m2e.core.internal.Bundles - 	Entry: C:\Users\harsh\.p2\pool\plugins\org.eclipse.m2e.maven.runtime_3.9.900.20250220-2013\jars\maven-plugin-api-3.9.9.jar
2025-05-28 10:23:35,775 [Worker-43: Launching mavenrun-c14302b1-5f5d-43f1-9c9e-65cb34db1c65] INFO  o.eclipse.m2e.core.internal.Bundles - 	Entry: C:\Users\harsh\.p2\pool\plugins\org.eclipse.m2e.maven.runtime_3.9.900.20250220-2013\jars\maven-repository-metadata-3.9.9.jar
2025-05-28 10:23:35,775 [Worker-43: Launching mavenrun-c14302b1-5f5d-43f1-9c9e-65cb34db1c65] INFO  o.eclipse.m2e.core.internal.Bundles - 	Entry: C:\Users\harsh\.p2\pool\plugins\org.eclipse.m2e.maven.runtime_3.9.900.20250220-2013\jars\maven-resolver-api-1.9.22.jar
2025-05-28 10:23:35,775 [Worker-43: Launching mavenrun-c14302b1-5f5d-43f1-9c9e-65cb34db1c65] INFO  o.eclipse.m2e.core.internal.Bundles - 	Entry: C:\Users\harsh\.p2\pool\plugins\org.eclipse.m2e.maven.runtime_3.9.900.20250220-2013\jars\maven-resolver-connector-basic-1.9.22.jar
2025-05-28 10:23:35,775 [Worker-43: Launching mavenrun-c14302b1-5f5d-43f1-9c9e-65cb34db1c65] INFO  o.eclipse.m2e.core.internal.Bundles - 	Entry: C:\Users\harsh\.p2\pool\plugins\org.eclipse.m2e.maven.runtime_3.9.900.20250220-2013\jars\maven-resolver-impl-1.9.22.jar
2025-05-28 10:23:35,775 [Worker-43: Launching mavenrun-c14302b1-5f5d-43f1-9c9e-65cb34db1c65] INFO  o.eclipse.m2e.core.internal.Bundles - 	Entry: C:\Users\harsh\.p2\pool\plugins\org.eclipse.m2e.maven.runtime_3.9.900.20250220-2013\jars\maven-resolver-named-locks-1.9.22.jar
2025-05-28 10:23:35,775 [Worker-43: Launching mavenrun-c14302b1-5f5d-43f1-9c9e-65cb34db1c65] INFO  o.eclipse.m2e.core.internal.Bundles - 	Entry: C:\Users\harsh\.p2\pool\plugins\org.eclipse.m2e.maven.runtime_3.9.900.20250220-2013\jars\maven-resolver-provider-3.9.9.jar
2025-05-28 10:23:35,775 [Worker-43: Launching mavenrun-c14302b1-5f5d-43f1-9c9e-65cb34db1c65] INFO  o.eclipse.m2e.core.internal.Bundles - 	Entry: C:\Users\harsh\.p2\pool\plugins\org.eclipse.m2e.maven.runtime_3.9.900.20250220-2013\jars\maven-resolver-spi-1.9.22.jar
2025-05-28 10:23:35,776 [Worker-43: Launching mavenrun-c14302b1-5f5d-43f1-9c9e-65cb34db1c65] INFO  o.eclipse.m2e.core.internal.Bundles - 	Entry: C:\Users\harsh\.p2\pool\plugins\org.eclipse.m2e.maven.runtime_3.9.900.20250220-2013\jars\maven-resolver-transport-file-1.9.22.jar
2025-05-28 10:23:35,776 [Worker-43: Launching mavenrun-c14302b1-5f5d-43f1-9c9e-65cb34db1c65] INFO  o.eclipse.m2e.core.internal.Bundles - 	Entry: C:\Users\harsh\.p2\pool\plugins\org.eclipse.m2e.maven.runtime_3.9.900.20250220-2013\jars\maven-resolver-transport-http-1.9.22.jar
2025-05-28 10:23:35,776 [Worker-43: Launching mavenrun-c14302b1-5f5d-43f1-9c9e-65cb34db1c65] INFO  o.eclipse.m2e.core.internal.Bundles - 	Entry: C:\Users\harsh\.p2\pool\plugins\org.eclipse.m2e.maven.runtime_3.9.900.20250220-2013\jars\maven-resolver-transport-wagon-1.9.22.jar
2025-05-28 10:23:35,776 [Worker-43: Launching mavenrun-c14302b1-5f5d-43f1-9c9e-65cb34db1c65] INFO  o.eclipse.m2e.core.internal.Bundles - 	Entry: C:\Users\harsh\.p2\pool\plugins\org.eclipse.m2e.maven.runtime_3.9.900.20250220-2013\jars\maven-resolver-util-1.9.22.jar
2025-05-28 10:23:35,776 [Worker-43: Launching mavenrun-c14302b1-5f5d-43f1-9c9e-65cb34db1c65] INFO  o.eclipse.m2e.core.internal.Bundles - 	Entry: C:\Users\harsh\.p2\pool\plugins\org.eclipse.m2e.maven.runtime_3.9.900.20250220-2013\jars\maven-settings-3.9.9.jar
2025-05-28 10:23:35,776 [Worker-43: Launching mavenrun-c14302b1-5f5d-43f1-9c9e-65cb34db1c65] INFO  o.eclipse.m2e.core.internal.Bundles - 	Entry: C:\Users\harsh\.p2\pool\plugins\org.eclipse.m2e.maven.runtime_3.9.900.20250220-2013\jars\maven-settings-builder-3.9.9.jar
2025-05-28 10:23:35,776 [Worker-43: Launching mavenrun-c14302b1-5f5d-43f1-9c9e-65cb34db1c65] INFO  o.eclipse.m2e.core.internal.Bundles - 	Entry: C:\Users\harsh\.p2\pool\plugins\org.eclipse.m2e.maven.runtime_3.9.900.20250220-2013\jars\maven-shared-utils-3.4.2.jar
2025-05-28 10:23:35,776 [Worker-43: Launching mavenrun-c14302b1-5f5d-43f1-9c9e-65cb34db1c65] INFO  o.eclipse.m2e.core.internal.Bundles - 	Entry: C:\Users\harsh\.p2\pool\plugins\org.eclipse.m2e.maven.runtime_3.9.900.20250220-2013\jars\org.eclipse.sisu.inject-0.9.0.M3.jar
2025-05-28 10:23:35,777 [Worker-43: Launching mavenrun-c14302b1-5f5d-43f1-9c9e-65cb34db1c65] INFO  o.eclipse.m2e.core.internal.Bundles - 	Entry: C:\Users\harsh\.p2\pool\plugins\org.eclipse.m2e.maven.runtime_3.9.900.20250220-2013\jars\org.eclipse.sisu.plexus-0.9.0.M3.jar
2025-05-28 10:23:35,777 [Worker-43: Launching mavenrun-c14302b1-5f5d-43f1-9c9e-65cb34db1c65] INFO  o.eclipse.m2e.core.internal.Bundles - 	Entry: C:\Users\harsh\.p2\pool\plugins\org.eclipse.m2e.maven.runtime_3.9.900.20250220-2013\jars\plexus-build-api-0.0.7.jar
2025-05-28 10:23:35,777 [Worker-43: Launching mavenrun-c14302b1-5f5d-43f1-9c9e-65cb34db1c65] INFO  o.eclipse.m2e.core.internal.Bundles - 	Entry: C:\Users\harsh\.p2\pool\plugins\org.eclipse.m2e.maven.runtime_3.9.900.20250220-2013\jars\plexus-build-api-1.2.0.jar
2025-05-28 10:23:35,777 [Worker-43: Launching mavenrun-c14302b1-5f5d-43f1-9c9e-65cb34db1c65] INFO  o.eclipse.m2e.core.internal.Bundles - 	Entry: C:\Users\harsh\.p2\pool\plugins\org.eclipse.m2e.maven.runtime_3.9.900.20250220-2013\jars\plexus-cipher-2.0.jar
2025-05-28 10:23:35,777 [Worker-43: Launching mavenrun-c14302b1-5f5d-43f1-9c9e-65cb34db1c65] INFO  o.eclipse.m2e.core.internal.Bundles - 	Entry: C:\Users\harsh\.p2\pool\plugins\org.eclipse.m2e.maven.runtime_3.9.900.20250220-2013\jars\plexus-classworlds-2.8.0.jar
2025-05-28 10:23:35,777 [Worker-43: Launching mavenrun-c14302b1-5f5d-43f1-9c9e-65cb34db1c65] INFO  o.eclipse.m2e.core.internal.Bundles - 	Entry: C:\Users\harsh\.p2\pool\plugins\org.eclipse.m2e.maven.runtime_3.9.900.20250220-2013\jars\plexus-component-annotations-2.1.0.jar
2025-05-28 10:23:35,777 [Worker-43: Launching mavenrun-c14302b1-5f5d-43f1-9c9e-65cb34db1c65] INFO  o.eclipse.m2e.core.internal.Bundles - 	Entry: C:\Users\harsh\.p2\pool\plugins\org.eclipse.m2e.maven.runtime_3.9.900.20250220-2013\jars\plexus-interpolation-1.27.jar
2025-05-28 10:23:35,777 [Worker-43: Launching mavenrun-c14302b1-5f5d-43f1-9c9e-65cb34db1c65] INFO  o.eclipse.m2e.core.internal.Bundles - 	Entry: C:\Users\harsh\.p2\pool\plugins\org.eclipse.m2e.maven.runtime_3.9.900.20250220-2013\jars\plexus-sec-dispatcher-2.0.jar
2025-05-28 10:23:35,777 [Worker-43: Launching mavenrun-c14302b1-5f5d-43f1-9c9e-65cb34db1c65] INFO  o.eclipse.m2e.core.internal.Bundles - 	Entry: C:\Users\harsh\.p2\pool\plugins\org.eclipse.m2e.maven.runtime_3.9.900.20250220-2013\jars\plexus-utils-3.5.1.jar
2025-05-28 10:23:35,777 [Worker-43: Launching mavenrun-c14302b1-5f5d-43f1-9c9e-65cb34db1c65] INFO  o.eclipse.m2e.core.internal.Bundles - 	Entry: C:\Users\harsh\.p2\pool\plugins\org.eclipse.m2e.maven.runtime_3.9.900.20250220-2013\jars\plexus-xml-3.0.1.jar
2025-05-28 10:23:35,778 [Worker-43: Launching mavenrun-c14302b1-5f5d-43f1-9c9e-65cb34db1c65] INFO  o.eclipse.m2e.core.internal.Bundles - 	Entry: C:\Users\harsh\.p2\pool\plugins\org.eclipse.m2e.maven.runtime_3.9.900.20250220-2013\jars\wagon-file-3.5.3.jar
2025-05-28 10:23:35,778 [Worker-43: Launching mavenrun-c14302b1-5f5d-43f1-9c9e-65cb34db1c65] INFO  o.eclipse.m2e.core.internal.Bundles - 	Entry: C:\Users\harsh\.p2\pool\plugins\org.eclipse.m2e.maven.runtime_3.9.900.20250220-2013\jars\wagon-http-3.5.3.jar
2025-05-28 10:23:35,778 [Worker-43: Launching mavenrun-c14302b1-5f5d-43f1-9c9e-65cb34db1c65] INFO  o.eclipse.m2e.core.internal.Bundles - 	Entry: C:\Users\harsh\.p2\pool\plugins\org.eclipse.m2e.maven.runtime_3.9.900.20250220-2013\jars\wagon-http-shared-3.5.3.jar
2025-05-28 10:23:35,778 [Worker-43: Launching mavenrun-c14302b1-5f5d-43f1-9c9e-65cb34db1c65] INFO  o.eclipse.m2e.core.internal.Bundles - 	Entry: C:\Users\harsh\.p2\pool\plugins\org.eclipse.m2e.maven.runtime_3.9.900.20250220-2013\jars\wagon-provider-api-3.5.3.jar
2025-05-28 10:23:35,780 [Worker-43: Launching mavenrun-c14302b1-5f5d-43f1-9c9e-65cb34db1c65] INFO  o.eclipse.m2e.core.internal.Bundles - getClasspathEntries(Bundle=com.google.guava_33.4.8.jre [1342])
2025-05-28 10:23:35,780 [Worker-43: Launching mavenrun-c14302b1-5f5d-43f1-9c9e-65cb34db1c65] INFO  o.eclipse.m2e.core.internal.Bundles - 	Entry: C:\Users\harsh\.p2\pool\plugins\com.google.guava_33.4.8.jre.jar
2025-05-28 10:23:35,780 [Worker-43: Launching mavenrun-c14302b1-5f5d-43f1-9c9e-65cb34db1c65] INFO  o.eclipse.m2e.core.internal.Bundles - getClasspathEntries(Bundle=slf4j.api_2.0.17 [1048])
2025-05-28 10:23:35,780 [Worker-43: Launching mavenrun-c14302b1-5f5d-43f1-9c9e-65cb34db1c65] INFO  o.eclipse.m2e.core.internal.Bundles - 	Entry: C:\Users\harsh\.p2\pool\plugins\slf4j.api_2.0.17.jar
2025-05-28 10:23:35,780 [Worker-43: Launching mavenrun-c14302b1-5f5d-43f1-9c9e-65cb34db1c65] INFO  o.eclipse.m2e.core.internal.Bundles - getClasspathEntries(Bundle=jakarta.inject.jakarta.inject-api_1.0.5 [34])
2025-05-28 10:23:35,781 [Worker-43: Launching mavenrun-c14302b1-5f5d-43f1-9c9e-65cb34db1c65] INFO  o.eclipse.m2e.core.internal.Bundles - 	Entry: C:\Users\harsh\.p2\pool\plugins\jakarta.inject.jakarta.inject-api_1.0.5.jar
2025-05-28 10:23:35,781 [Worker-43: Launching mavenrun-c14302b1-5f5d-43f1-9c9e-65cb34db1c65] INFO  o.eclipse.m2e.core.internal.Bundles - getClasspathEntries(Bundle=javax.annotation_1.3.5.v20200909-1856 [1346])
2025-05-28 10:23:35,781 [Worker-43: Launching mavenrun-c14302b1-5f5d-43f1-9c9e-65cb34db1c65] INFO  o.eclipse.m2e.core.internal.Bundles - 	Entry: C:\Users\harsh\.p2\pool\plugins\javax.annotation_1.3.5.v20200909-1856.jar
2025-05-28 10:23:35,781 [Worker-43: Launching mavenrun-c14302b1-5f5d-43f1-9c9e-65cb34db1c65] INFO  o.eclipse.m2e.core.internal.Bundles - getClasspathEntries(Bundle=org.apache.commons.cli_1.9.0 [74])
2025-05-28 10:23:35,781 [Worker-43: Launching mavenrun-c14302b1-5f5d-43f1-9c9e-65cb34db1c65] INFO  o.eclipse.m2e.core.internal.Bundles - 	Entry: C:\Users\harsh\.p2\pool\plugins\org.apache.commons.cli_1.9.0.jar
2025-05-28 10:23:35,781 [Worker-43: Launching mavenrun-c14302b1-5f5d-43f1-9c9e-65cb34db1c65] INFO  o.eclipse.m2e.core.internal.Bundles - getClasspathEntries(Bundle=org.apache.commons.commons-codec_1.16.0 [76])
2025-05-28 10:23:35,782 [Worker-43: Launching mavenrun-c14302b1-5f5d-43f1-9c9e-65cb34db1c65] INFO  o.eclipse.m2e.core.internal.Bundles - 	Entry: C:\Users\harsh\.p2\pool\plugins\org.apache.commons.commons-codec_1.16.0.jar
2025-05-28 10:23:35,782 [Worker-43: Launching mavenrun-c14302b1-5f5d-43f1-9c9e-65cb34db1c65] INFO  o.eclipse.m2e.core.internal.Bundles - getClasspathEntries(Bundle=com.google.guava.failureaccess_1.0.3 [1057])
2025-05-28 10:23:35,782 [Worker-43: Launching mavenrun-c14302b1-5f5d-43f1-9c9e-65cb34db1c65] INFO  o.eclipse.m2e.core.internal.Bundles - 	Entry: C:\Users\harsh\.p2\pool\plugins\com.google.guava.failureaccess_1.0.3.jar
2025-05-28 10:23:35,785 [Worker-43: Launching mavenrun-c14302b1-5f5d-43f1-9c9e-65cb34db1c65] INFO  o.e.m.i.launch.MavenLaunchDelegate - Run build in "C:\Users\harsh\AppData\Local\Temp\m2e-archetypeGenerator5992002174591253913":
2025-05-28 10:23:35,789 [Worker-43: Launching mavenrun-c14302b1-5f5d-43f1-9c9e-65cb34db1c65] INFO  o.e.m.i.launch.MavenLaunchDelegate -  mvn  -DarchetypeGroupId=org.apache.maven.archetypes -DarchetypeArtifactId=maven-archetype-quickstart -DarchetypeVersion=1.1 -DgroupId=nit -DartifactId=i8n -Dversion=0.0.1-SNAPSHOT -Dpackage=nit.example.i8n -DoutputDirectory=C:\data\spring -Dstyle.color=always -U archetype:generate
2025-05-28 10:24:43,182 [Worker-44: Creating maven-archetype-quickstart] INFO  o.e.m.c.i.p.ProjectConfigurationManager - Collecting project info '/pom.xml' C:\data\spring\i8n\pom.xml
2025-05-28 10:24:43,721 [Worker-44: Creating maven-archetype-quickstart] INFO  o.e.m.c.i.l.LifecycleMappingFactory - Using org.eclipse.m2e.jdt.JarLifecycleMapping lifecycle mapping for MavenProject: nit:i8n:0.0.1-SNAPSHOT @ C:\data\spring\i8n\pom.xml.
2025-05-28 10:24:44,432 [Worker-44: Creating maven-archetype-quickstart] INFO  o.e.m.j.i.AbstractJavaProjectConfigurator - Adding source folder /i8n/src/main/java
2025-05-28 10:24:44,435 [Worker-44: Creating maven-archetype-quickstart] INFO  o.e.m.j.i.AbstractJavaProjectConfigurator - Adding resource folder /i8n/src/main/resources
2025-05-28 10:24:44,439 [Worker-44: Creating maven-archetype-quickstart] INFO  o.e.m.j.i.AbstractJavaProjectConfigurator - Adding source folder /i8n/src/test/java
2025-05-28 10:24:44,440 [Worker-44: Creating maven-archetype-quickstart] INFO  o.e.m.j.i.AbstractJavaProjectConfigurator - Adding resource folder /i8n/src/test/resources
2025-05-28 10:24:44,507 [Worker-44: Creating maven-archetype-quickstart] INFO  o.e.m.c.i.p.ProjectConfigurationManager - Imported and configured 1 project(s) in 1 sec
2025-05-28 10:24:44,755 [Worker-46: Building] INFO  o.a.m.s.f.DefaultMavenResourcesFiltering - skip non existing resourceDirectory C:\data\spring\i8n\src\main\resources
2025-05-28 10:24:44,760 [Worker-46: Building] INFO  o.a.m.s.f.DefaultMavenResourcesFiltering - skip non existing resourceDirectory C:\data\spring\i8n\src\test\resources
2025-05-28 10:25:57,057 [Worker-44: Building] INFO  o.a.m.s.f.DefaultMavenResourcesFiltering - skip non existing resourceDirectory C:\data\spring\i8n\src\main\resources
2025-05-28 10:25:57,059 [Worker-44: Building] INFO  o.a.m.s.f.DefaultMavenResourcesFiltering - skip non existing resourceDirectory C:\data\spring\i8n\src\test\resources
2025-05-28 10:26:05,503 [Worker-45: Building] INFO  o.a.m.s.f.DefaultMavenResourcesFiltering - skip non existing resourceDirectory C:\data\spring\i8n\src\main\resources
2025-05-28 10:26:05,504 [Worker-45: Building] INFO  o.a.m.s.f.DefaultMavenResourcesFiltering - skip non existing resourceDirectory C:\data\spring\i8n\src\test\resources
2025-05-28 10:26:23,682 [Worker-48: Building] INFO  o.a.m.s.f.DefaultMavenResourcesFiltering - skip non existing resourceDirectory C:\data\spring\i8n\src\main\resources
2025-05-28 10:26:23,684 [Worker-48: Building] INFO  o.a.m.s.f.DefaultMavenResourcesFiltering - skip non existing resourceDirectory C:\data\spring\i8n\src\test\resources
2025-05-28 10:26:31,958 [Worker-49: Building] INFO  o.a.m.s.f.DefaultMavenResourcesFiltering - skip non existing resourceDirectory C:\data\spring\i8n\src\main\resources
2025-05-28 10:26:31,961 [Worker-49: Building] INFO  o.a.m.s.f.DefaultMavenResourcesFiltering - skip non existing resourceDirectory C:\data\spring\i8n\src\test\resources
2025-05-28 10:26:56,577 [Worker-50: Building] INFO  o.a.m.s.f.DefaultMavenResourcesFiltering - skip non existing resourceDirectory C:\data\spring\i8n\src\main\resources
2025-05-28 10:26:56,580 [Worker-50: Building] INFO  o.a.m.s.f.DefaultMavenResourcesFiltering - skip non existing resourceDirectory C:\data\spring\i8n\src\test\resources
2025-05-28 10:27:19,599 [Worker-45: Building] INFO  o.a.m.s.f.DefaultMavenResourcesFiltering - Copying 0 resource from src\main\resources to target\classes
2025-05-28 10:27:19,602 [Worker-45: Building] INFO  o.a.m.s.f.DefaultMavenResourcesFiltering - Copying 0 resource from src\test\resources to target\test-classes
2025-05-28 10:27:30,411 [Worker-50: Building] INFO  o.a.m.s.f.DefaultMavenResourcesFiltering - Copying 0 resource from src\main\resources to target\classes
2025-05-28 10:27:30,415 [Worker-50: Building] INFO  o.a.m.s.f.DefaultMavenResourcesFiltering - Copying 0 resource from src\test\resources to target\test-classes
2025-05-28 10:28:51,180 [Worker-43: Updating Maven Dependencies] INFO  o.e.m.c.i.l.LifecycleMappingFactory - Using org.eclipse.m2e.jdt.JarLifecycleMapping lifecycle mapping for MavenProject: nit:Internationalization_i18n_Comprehensive_Task:0.0.1-SNAPSHOT @ C:\data\spring\Internationalization_i18n_Comprehensive_Task\pom.xml.
2025-05-28 10:30:07,815 [Worker-50: Building Workspace] INFO  o.a.m.s.f.DefaultMavenResourcesFiltering - Copying 2 resources from src\main\resources to target\classes
2025-05-28 10:30:07,826 [Worker-50: Building Workspace] INFO  o.a.m.s.f.DefaultMavenResourcesFiltering - Copying 0 resource from src\test\resources to target\test-classes
2025-05-28 10:31:42,903 [Worker-46: Building] INFO  o.a.m.s.f.DefaultMavenResourcesFiltering - Copying 2 resources from src\main\resources to target\classes
2025-05-28 10:31:42,907 [Worker-46: Building] INFO  o.a.m.s.f.DefaultMavenResourcesFiltering - Copying 0 resource from src\test\resources to target\test-classes
2025-05-28 10:32:01,147 [Worker-51: Building] INFO  o.a.m.s.f.DefaultMavenResourcesFiltering - Copying 2 resources from src\main\resources to target\classes
2025-05-28 10:32:01,152 [Worker-51: Building] INFO  o.a.m.s.f.DefaultMavenResourcesFiltering - Copying 0 resource from src\test\resources to target\test-classes
2025-05-28 10:32:06,642 [Worker-50: Building] INFO  o.a.m.s.f.DefaultMavenResourcesFiltering - Copying 2 resources from src\main\resources to target\classes
2025-05-28 10:32:06,647 [Worker-50: Building] INFO  o.a.m.s.f.DefaultMavenResourcesFiltering - Copying 0 resource from src\test\resources to target\test-classes
2025-05-28 10:32:26,330 [Worker-50: Building] INFO  o.a.m.s.f.DefaultMavenResourcesFiltering - Copying 2 resources from src\main\resources to target\classes
2025-05-28 10:32:26,331 [Worker-50: Building] INFO  o.a.m.s.f.DefaultMavenResourcesFiltering - Copying 0 resource from src\test\resources to target\test-classes
2025-05-28 10:34:44,206 [Worker-52: Building] INFO  o.a.m.s.f.DefaultMavenResourcesFiltering - Copying 2 resources from src\main\resources to target\classes
2025-05-28 10:34:44,210 [Worker-52: Building] INFO  o.a.m.s.f.DefaultMavenResourcesFiltering - Copying 0 resource from src\test\resources to target\test-classes
2025-05-28 10:35:13,285 [Worker-50: Building] INFO  o.a.m.s.f.DefaultMavenResourcesFiltering - Copying 2 resources from src\main\resources to target\classes
2025-05-28 10:35:13,289 [Worker-50: Building] INFO  o.a.m.s.f.DefaultMavenResourcesFiltering - Copying 0 resource from src\test\resources to target\test-classes
2025-05-28 10:35:36,608 [Worker-50: Building] INFO  o.a.m.s.f.DefaultMavenResourcesFiltering - Copying 2 resources from src\main\resources to target\classes
2025-05-28 10:35:36,613 [Worker-50: Building] INFO  o.a.m.s.f.DefaultMavenResourcesFiltering - Copying 0 resource from src\test\resources to target\test-classes
2025-05-28 10:37:29,236 [Worker-56: Launching App] INFO  o.a.m.s.f.DefaultMavenResourcesFiltering - Copying 2 resources from src\main\resources to target\classes
2025-05-28 10:37:29,239 [Worker-56: Launching App] INFO  o.a.m.s.f.DefaultMavenResourcesFiltering - Copying 0 resource from src\test\resources to target\test-classes
2025-05-28 10:37:50,850 [Worker-56: Building] INFO  o.a.m.s.f.DefaultMavenResourcesFiltering - Copying 2 resources from src\main\resources to target\classes
2025-05-28 10:37:50,855 [Worker-56: Building] INFO  o.a.m.s.f.DefaultMavenResourcesFiltering - Copying 0 resource from src\test\resources to target\test-classes
2025-05-30 19:05:56,438 [Worker-8: Loading available Gradle versions] INFO  o.e.b.c.i.u.g.PublishedGradleVersions - Gradle version information cache is out-of-date. Trying to update.
2025-05-30 19:07:15,913 [Worker-41: Launching mavenrun-f5b0744b-9da3-4628-957d-5853b2c76cd0] INFO  o.eclipse.m2e.core.internal.Bundles - getClasspathEntries(Bundle=org.eclipse.m2e.maven.runtime_3.9.900.20250220-2013 [637])
2025-05-30 19:07:15,917 [Worker-41: Launching mavenrun-f5b0744b-9da3-4628-957d-5853b2c76cd0] INFO  o.eclipse.m2e.core.internal.Bundles - 	Entry: C:\Users\harsh\.p2\pool\plugins\org.eclipse.m2e.maven.runtime_3.9.900.20250220-2013
2025-05-30 19:07:15,917 [Worker-41: Launching mavenrun-f5b0744b-9da3-4628-957d-5853b2c76cd0] INFO  o.eclipse.m2e.core.internal.Bundles - 	Entry: C:\Users\harsh\.p2\pool\plugins\org.eclipse.m2e.maven.runtime_3.9.900.20250220-2013\jars\aopalliance-1.0.jar
2025-05-30 19:07:15,918 [Worker-41: Launching mavenrun-f5b0744b-9da3-4628-957d-5853b2c76cd0] INFO  o.eclipse.m2e.core.internal.Bundles - 	Entry: C:\Users\harsh\.p2\pool\plugins\org.eclipse.m2e.maven.runtime_3.9.900.20250220-2013\jars\guice-5.1.0.jar
2025-05-30 19:07:15,918 [Worker-41: Launching mavenrun-f5b0744b-9da3-4628-957d-5853b2c76cd0] INFO  o.eclipse.m2e.core.internal.Bundles - 	Entry: C:\Users\harsh\.p2\pool\plugins\org.eclipse.m2e.maven.runtime_3.9.900.20250220-2013\jars\httpclient-4.5.14.jar
2025-05-30 19:07:15,918 [Worker-41: Launching mavenrun-f5b0744b-9da3-4628-957d-5853b2c76cd0] INFO  o.eclipse.m2e.core.internal.Bundles - 	Entry: C:\Users\harsh\.p2\pool\plugins\org.eclipse.m2e.maven.runtime_3.9.900.20250220-2013\jars\httpcore-4.4.16.jar
2025-05-30 19:07:15,918 [Worker-41: Launching mavenrun-f5b0744b-9da3-4628-957d-5853b2c76cd0] INFO  o.eclipse.m2e.core.internal.Bundles - 	Entry: C:\Users\harsh\.p2\pool\plugins\org.eclipse.m2e.maven.runtime_3.9.900.20250220-2013\jars\jansi-2.4.1.jar
2025-05-30 19:07:15,918 [Worker-41: Launching mavenrun-f5b0744b-9da3-4628-957d-5853b2c76cd0] INFO  o.eclipse.m2e.core.internal.Bundles - 	Entry: C:\Users\harsh\.p2\pool\plugins\org.eclipse.m2e.maven.runtime_3.9.900.20250220-2013\jars\jcl-over-slf4j-1.7.36.jar
2025-05-30 19:07:15,918 [Worker-41: Launching mavenrun-f5b0744b-9da3-4628-957d-5853b2c76cd0] INFO  o.eclipse.m2e.core.internal.Bundles - 	Entry: C:\Users\harsh\.p2\pool\plugins\org.eclipse.m2e.maven.runtime_3.9.900.20250220-2013\jars\maven-artifact-3.9.9.jar
2025-05-30 19:07:15,918 [Worker-41: Launching mavenrun-f5b0744b-9da3-4628-957d-5853b2c76cd0] INFO  o.eclipse.m2e.core.internal.Bundles - 	Entry: C:\Users\harsh\.p2\pool\plugins\org.eclipse.m2e.maven.runtime_3.9.900.20250220-2013\jars\maven-builder-support-3.9.9.jar
2025-05-30 19:07:15,918 [Worker-41: Launching mavenrun-f5b0744b-9da3-4628-957d-5853b2c76cd0] INFO  o.eclipse.m2e.core.internal.Bundles - 	Entry: C:\Users\harsh\.p2\pool\plugins\org.eclipse.m2e.maven.runtime_3.9.900.20250220-2013\jars\maven-compat-3.9.9.jar
2025-05-30 19:07:15,918 [Worker-41: Launching mavenrun-f5b0744b-9da3-4628-957d-5853b2c76cd0] INFO  o.eclipse.m2e.core.internal.Bundles - 	Entry: C:\Users\harsh\.p2\pool\plugins\org.eclipse.m2e.maven.runtime_3.9.900.20250220-2013\jars\maven-core-3.9.9.jar
2025-05-30 19:07:15,919 [Worker-41: Launching mavenrun-f5b0744b-9da3-4628-957d-5853b2c76cd0] INFO  o.eclipse.m2e.core.internal.Bundles - 	Entry: C:\Users\harsh\.p2\pool\plugins\org.eclipse.m2e.maven.runtime_3.9.900.20250220-2013\jars\maven-embedder-3.9.9.jar
2025-05-30 19:07:15,919 [Worker-41: Launching mavenrun-f5b0744b-9da3-4628-957d-5853b2c76cd0] INFO  o.eclipse.m2e.core.internal.Bundles - 	Entry: C:\Users\harsh\.p2\pool\plugins\org.eclipse.m2e.maven.runtime_3.9.900.20250220-2013\jars\maven-model-3.9.9.jar
2025-05-30 19:07:15,919 [Worker-41: Launching mavenrun-f5b0744b-9da3-4628-957d-5853b2c76cd0] INFO  o.eclipse.m2e.core.internal.Bundles - 	Entry: C:\Users\harsh\.p2\pool\plugins\org.eclipse.m2e.maven.runtime_3.9.900.20250220-2013\jars\maven-model-builder-3.9.9.jar
2025-05-30 19:07:15,919 [Worker-41: Launching mavenrun-f5b0744b-9da3-4628-957d-5853b2c76cd0] INFO  o.eclipse.m2e.core.internal.Bundles - 	Entry: C:\Users\harsh\.p2\pool\plugins\org.eclipse.m2e.maven.runtime_3.9.900.20250220-2013\jars\maven-plugin-api-3.9.9.jar
2025-05-30 19:07:15,919 [Worker-41: Launching mavenrun-f5b0744b-9da3-4628-957d-5853b2c76cd0] INFO  o.eclipse.m2e.core.internal.Bundles - 	Entry: C:\Users\harsh\.p2\pool\plugins\org.eclipse.m2e.maven.runtime_3.9.900.20250220-2013\jars\maven-repository-metadata-3.9.9.jar
2025-05-30 19:07:15,919 [Worker-41: Launching mavenrun-f5b0744b-9da3-4628-957d-5853b2c76cd0] INFO  o.eclipse.m2e.core.internal.Bundles - 	Entry: C:\Users\harsh\.p2\pool\plugins\org.eclipse.m2e.maven.runtime_3.9.900.20250220-2013\jars\maven-resolver-api-1.9.22.jar
2025-05-30 19:07:15,919 [Worker-41: Launching mavenrun-f5b0744b-9da3-4628-957d-5853b2c76cd0] INFO  o.eclipse.m2e.core.internal.Bundles - 	Entry: C:\Users\harsh\.p2\pool\plugins\org.eclipse.m2e.maven.runtime_3.9.900.20250220-2013\jars\maven-resolver-connector-basic-1.9.22.jar
2025-05-30 19:07:15,919 [Worker-41: Launching mavenrun-f5b0744b-9da3-4628-957d-5853b2c76cd0] INFO  o.eclipse.m2e.core.internal.Bundles - 	Entry: C:\Users\harsh\.p2\pool\plugins\org.eclipse.m2e.maven.runtime_3.9.900.20250220-2013\jars\maven-resolver-impl-1.9.22.jar
2025-05-30 19:07:15,919 [Worker-41: Launching mavenrun-f5b0744b-9da3-4628-957d-5853b2c76cd0] INFO  o.eclipse.m2e.core.internal.Bundles - 	Entry: C:\Users\harsh\.p2\pool\plugins\org.eclipse.m2e.maven.runtime_3.9.900.20250220-2013\jars\maven-resolver-named-locks-1.9.22.jar
2025-05-30 19:07:15,919 [Worker-41: Launching mavenrun-f5b0744b-9da3-4628-957d-5853b2c76cd0] INFO  o.eclipse.m2e.core.internal.Bundles - 	Entry: C:\Users\harsh\.p2\pool\plugins\org.eclipse.m2e.maven.runtime_3.9.900.20250220-2013\jars\maven-resolver-provider-3.9.9.jar
2025-05-30 19:07:15,920 [Worker-41: Launching mavenrun-f5b0744b-9da3-4628-957d-5853b2c76cd0] INFO  o.eclipse.m2e.core.internal.Bundles - 	Entry: C:\Users\harsh\.p2\pool\plugins\org.eclipse.m2e.maven.runtime_3.9.900.20250220-2013\jars\maven-resolver-spi-1.9.22.jar
2025-05-30 19:07:15,920 [Worker-41: Launching mavenrun-f5b0744b-9da3-4628-957d-5853b2c76cd0] INFO  o.eclipse.m2e.core.internal.Bundles - 	Entry: C:\Users\harsh\.p2\pool\plugins\org.eclipse.m2e.maven.runtime_3.9.900.20250220-2013\jars\maven-resolver-transport-file-1.9.22.jar
2025-05-30 19:07:15,920 [Worker-41: Launching mavenrun-f5b0744b-9da3-4628-957d-5853b2c76cd0] INFO  o.eclipse.m2e.core.internal.Bundles - 	Entry: C:\Users\harsh\.p2\pool\plugins\org.eclipse.m2e.maven.runtime_3.9.900.20250220-2013\jars\maven-resolver-transport-http-1.9.22.jar
2025-05-30 19:07:15,920 [Worker-41: Launching mavenrun-f5b0744b-9da3-4628-957d-5853b2c76cd0] INFO  o.eclipse.m2e.core.internal.Bundles - 	Entry: C:\Users\harsh\.p2\pool\plugins\org.eclipse.m2e.maven.runtime_3.9.900.20250220-2013\jars\maven-resolver-transport-wagon-1.9.22.jar
2025-05-30 19:07:15,920 [Worker-41: Launching mavenrun-f5b0744b-9da3-4628-957d-5853b2c76cd0] INFO  o.eclipse.m2e.core.internal.Bundles - 	Entry: C:\Users\harsh\.p2\pool\plugins\org.eclipse.m2e.maven.runtime_3.9.900.20250220-2013\jars\maven-resolver-util-1.9.22.jar
2025-05-30 19:07:15,920 [Worker-41: Launching mavenrun-f5b0744b-9da3-4628-957d-5853b2c76cd0] INFO  o.eclipse.m2e.core.internal.Bundles - 	Entry: C:\Users\harsh\.p2\pool\plugins\org.eclipse.m2e.maven.runtime_3.9.900.20250220-2013\jars\maven-settings-3.9.9.jar
2025-05-30 19:07:15,920 [Worker-41: Launching mavenrun-f5b0744b-9da3-4628-957d-5853b2c76cd0] INFO  o.eclipse.m2e.core.internal.Bundles - 	Entry: C:\Users\harsh\.p2\pool\plugins\org.eclipse.m2e.maven.runtime_3.9.900.20250220-2013\jars\maven-settings-builder-3.9.9.jar
2025-05-30 19:07:15,921 [Worker-41: Launching mavenrun-f5b0744b-9da3-4628-957d-5853b2c76cd0] INFO  o.eclipse.m2e.core.internal.Bundles - 	Entry: C:\Users\harsh\.p2\pool\plugins\org.eclipse.m2e.maven.runtime_3.9.900.20250220-2013\jars\maven-shared-utils-3.4.2.jar
2025-05-30 19:07:15,921 [Worker-41: Launching mavenrun-f5b0744b-9da3-4628-957d-5853b2c76cd0] INFO  o.eclipse.m2e.core.internal.Bundles - 	Entry: C:\Users\harsh\.p2\pool\plugins\org.eclipse.m2e.maven.runtime_3.9.900.20250220-2013\jars\org.eclipse.sisu.inject-0.9.0.M3.jar
2025-05-30 19:07:15,922 [Worker-41: Launching mavenrun-f5b0744b-9da3-4628-957d-5853b2c76cd0] INFO  o.eclipse.m2e.core.internal.Bundles - 	Entry: C:\Users\harsh\.p2\pool\plugins\org.eclipse.m2e.maven.runtime_3.9.900.20250220-2013\jars\org.eclipse.sisu.plexus-0.9.0.M3.jar
2025-05-30 19:07:15,922 [Worker-41: Launching mavenrun-f5b0744b-9da3-4628-957d-5853b2c76cd0] INFO  o.eclipse.m2e.core.internal.Bundles - 	Entry: C:\Users\harsh\.p2\pool\plugins\org.eclipse.m2e.maven.runtime_3.9.900.20250220-2013\jars\plexus-build-api-0.0.7.jar
2025-05-30 19:07:15,922 [Worker-41: Launching mavenrun-f5b0744b-9da3-4628-957d-5853b2c76cd0] INFO  o.eclipse.m2e.core.internal.Bundles - 	Entry: C:\Users\harsh\.p2\pool\plugins\org.eclipse.m2e.maven.runtime_3.9.900.20250220-2013\jars\plexus-build-api-1.2.0.jar
2025-05-30 19:07:15,923 [Worker-41: Launching mavenrun-f5b0744b-9da3-4628-957d-5853b2c76cd0] INFO  o.eclipse.m2e.core.internal.Bundles - 	Entry: C:\Users\harsh\.p2\pool\plugins\org.eclipse.m2e.maven.runtime_3.9.900.20250220-2013\jars\plexus-cipher-2.0.jar
2025-05-30 19:07:15,923 [Worker-41: Launching mavenrun-f5b0744b-9da3-4628-957d-5853b2c76cd0] INFO  o.eclipse.m2e.core.internal.Bundles - 	Entry: C:\Users\harsh\.p2\pool\plugins\org.eclipse.m2e.maven.runtime_3.9.900.20250220-2013\jars\plexus-classworlds-2.8.0.jar
2025-05-30 19:07:15,923 [Worker-41: Launching mavenrun-f5b0744b-9da3-4628-957d-5853b2c76cd0] INFO  o.eclipse.m2e.core.internal.Bundles - 	Entry: C:\Users\harsh\.p2\pool\plugins\org.eclipse.m2e.maven.runtime_3.9.900.20250220-2013\jars\plexus-component-annotations-2.1.0.jar
2025-05-30 19:07:15,923 [Worker-41: Launching mavenrun-f5b0744b-9da3-4628-957d-5853b2c76cd0] INFO  o.eclipse.m2e.core.internal.Bundles - 	Entry: C:\Users\harsh\.p2\pool\plugins\org.eclipse.m2e.maven.runtime_3.9.900.20250220-2013\jars\plexus-interpolation-1.27.jar
2025-05-30 19:07:15,923 [Worker-41: Launching mavenrun-f5b0744b-9da3-4628-957d-5853b2c76cd0] INFO  o.eclipse.m2e.core.internal.Bundles - 	Entry: C:\Users\harsh\.p2\pool\plugins\org.eclipse.m2e.maven.runtime_3.9.900.20250220-2013\jars\plexus-sec-dispatcher-2.0.jar
2025-05-30 19:07:15,923 [Worker-41: Launching mavenrun-f5b0744b-9da3-4628-957d-5853b2c76cd0] INFO  o.eclipse.m2e.core.internal.Bundles - 	Entry: C:\Users\harsh\.p2\pool\plugins\org.eclipse.m2e.maven.runtime_3.9.900.20250220-2013\jars\plexus-utils-3.5.1.jar
2025-05-30 19:07:15,923 [Worker-41: Launching mavenrun-f5b0744b-9da3-4628-957d-5853b2c76cd0] INFO  o.eclipse.m2e.core.internal.Bundles - 	Entry: C:\Users\harsh\.p2\pool\plugins\org.eclipse.m2e.maven.runtime_3.9.900.20250220-2013\jars\plexus-xml-3.0.1.jar
2025-05-30 19:07:15,924 [Worker-41: Launching mavenrun-f5b0744b-9da3-4628-957d-5853b2c76cd0] INFO  o.eclipse.m2e.core.internal.Bundles - 	Entry: C:\Users\harsh\.p2\pool\plugins\org.eclipse.m2e.maven.runtime_3.9.900.20250220-2013\jars\wagon-file-3.5.3.jar
2025-05-30 19:07:15,924 [Worker-41: Launching mavenrun-f5b0744b-9da3-4628-957d-5853b2c76cd0] INFO  o.eclipse.m2e.core.internal.Bundles - 	Entry: C:\Users\harsh\.p2\pool\plugins\org.eclipse.m2e.maven.runtime_3.9.900.20250220-2013\jars\wagon-http-3.5.3.jar
2025-05-30 19:07:15,924 [Worker-41: Launching mavenrun-f5b0744b-9da3-4628-957d-5853b2c76cd0] INFO  o.eclipse.m2e.core.internal.Bundles - 	Entry: C:\Users\harsh\.p2\pool\plugins\org.eclipse.m2e.maven.runtime_3.9.900.20250220-2013\jars\wagon-http-shared-3.5.3.jar
2025-05-30 19:07:15,924 [Worker-41: Launching mavenrun-f5b0744b-9da3-4628-957d-5853b2c76cd0] INFO  o.eclipse.m2e.core.internal.Bundles - 	Entry: C:\Users\harsh\.p2\pool\plugins\org.eclipse.m2e.maven.runtime_3.9.900.20250220-2013\jars\wagon-provider-api-3.5.3.jar
2025-05-30 19:07:15,927 [Worker-41: Launching mavenrun-f5b0744b-9da3-4628-957d-5853b2c76cd0] INFO  o.eclipse.m2e.core.internal.Bundles - getClasspathEntries(Bundle=com.google.guava_33.4.8.jre [1342])
2025-05-30 19:07:15,928 [Worker-41: Launching mavenrun-f5b0744b-9da3-4628-957d-5853b2c76cd0] INFO  o.eclipse.m2e.core.internal.Bundles - 	Entry: C:\Users\harsh\.p2\pool\plugins\com.google.guava_33.4.8.jre.jar
2025-05-30 19:07:15,929 [Worker-41: Launching mavenrun-f5b0744b-9da3-4628-957d-5853b2c76cd0] INFO  o.eclipse.m2e.core.internal.Bundles - getClasspathEntries(Bundle=slf4j.api_2.0.17 [1048])
2025-05-30 19:07:15,929 [Worker-41: Launching mavenrun-f5b0744b-9da3-4628-957d-5853b2c76cd0] INFO  o.eclipse.m2e.core.internal.Bundles - 	Entry: C:\Users\harsh\.p2\pool\plugins\slf4j.api_2.0.17.jar
2025-05-30 19:07:15,929 [Worker-41: Launching mavenrun-f5b0744b-9da3-4628-957d-5853b2c76cd0] INFO  o.eclipse.m2e.core.internal.Bundles - getClasspathEntries(Bundle=jakarta.inject.jakarta.inject-api_1.0.5 [34])
2025-05-30 19:07:15,930 [Worker-41: Launching mavenrun-f5b0744b-9da3-4628-957d-5853b2c76cd0] INFO  o.eclipse.m2e.core.internal.Bundles - 	Entry: C:\Users\harsh\.p2\pool\plugins\jakarta.inject.jakarta.inject-api_1.0.5.jar
2025-05-30 19:07:15,930 [Worker-41: Launching mavenrun-f5b0744b-9da3-4628-957d-5853b2c76cd0] INFO  o.eclipse.m2e.core.internal.Bundles - getClasspathEntries(Bundle=javax.annotation_1.3.5.v20200909-1856 [1346])
2025-05-30 19:07:15,930 [Worker-41: Launching mavenrun-f5b0744b-9da3-4628-957d-5853b2c76cd0] INFO  o.eclipse.m2e.core.internal.Bundles - 	Entry: C:\Users\harsh\.p2\pool\plugins\javax.annotation_1.3.5.v20200909-1856.jar
2025-05-30 19:07:15,930 [Worker-41: Launching mavenrun-f5b0744b-9da3-4628-957d-5853b2c76cd0] INFO  o.eclipse.m2e.core.internal.Bundles - getClasspathEntries(Bundle=org.apache.commons.cli_1.9.0 [74])
2025-05-30 19:07:15,931 [Worker-41: Launching mavenrun-f5b0744b-9da3-4628-957d-5853b2c76cd0] INFO  o.eclipse.m2e.core.internal.Bundles - 	Entry: C:\Users\harsh\.p2\pool\plugins\org.apache.commons.cli_1.9.0.jar
2025-05-30 19:07:15,931 [Worker-41: Launching mavenrun-f5b0744b-9da3-4628-957d-5853b2c76cd0] INFO  o.eclipse.m2e.core.internal.Bundles - getClasspathEntries(Bundle=org.apache.commons.commons-codec_1.16.0 [76])
2025-05-30 19:07:15,931 [Worker-41: Launching mavenrun-f5b0744b-9da3-4628-957d-5853b2c76cd0] INFO  o.eclipse.m2e.core.internal.Bundles - 	Entry: C:\Users\harsh\.p2\pool\plugins\org.apache.commons.commons-codec_1.16.0.jar
2025-05-30 19:07:15,931 [Worker-41: Launching mavenrun-f5b0744b-9da3-4628-957d-5853b2c76cd0] INFO  o.eclipse.m2e.core.internal.Bundles - getClasspathEntries(Bundle=com.google.guava.failureaccess_1.0.3 [1057])
2025-05-30 19:07:15,932 [Worker-41: Launching mavenrun-f5b0744b-9da3-4628-957d-5853b2c76cd0] INFO  o.eclipse.m2e.core.internal.Bundles - 	Entry: C:\Users\harsh\.p2\pool\plugins\com.google.guava.failureaccess_1.0.3.jar
2025-05-30 19:07:15,936 [Worker-41: Launching mavenrun-f5b0744b-9da3-4628-957d-5853b2c76cd0] INFO  o.e.m.i.launch.MavenLaunchDelegate - Run build in "C:\Users\harsh\AppData\Local\Temp\m2e-archetypeGenerator16422327347364693126":
2025-05-30 19:07:15,940 [Worker-41: Launching mavenrun-f5b0744b-9da3-4628-957d-5853b2c76cd0] INFO  o.e.m.i.launch.MavenLaunchDelegate -  mvn  -DarchetypeGroupId=org.apache.maven.archetypes -DarchetypeArtifactId=maven-archetype-quickstart -DarchetypeVersion=1.1 -DgroupId=nit -DartifactId=IOCProj01-DependencyManagement-XmlDrivenCfgs -Dversion=0.0.1-SNAPSHOT -Dpackage=nit.IOCProj01_DependencyManagement_XmlDrivenCfgs -DoutputDirectory=C:\data\spring -Dstyle.color=always -U archetype:generate
2025-05-30 19:08:26,466 [Worker-0: Creating maven-archetype-quickstart] INFO  o.e.m.c.i.p.ProjectConfigurationManager - Collecting project info '/pom.xml' C:\data\spring\IOCProj01-DependencyManagement-XmlDrivenCfgs\pom.xml
2025-05-30 19:08:27,373 [Worker-0: Creating maven-archetype-quickstart] INFO  o.e.m.c.i.l.LifecycleMappingFactory - Using org.eclipse.m2e.jdt.JarLifecycleMapping lifecycle mapping for MavenProject: nit:IOCProj01-DependencyManagement-XmlDrivenCfgs:0.0.1-SNAPSHOT @ C:\data\spring\IOCProj01-DependencyManagement-XmlDrivenCfgs\pom.xml.
2025-05-30 19:08:28,501 [Worker-0: Creating maven-archetype-quickstart] INFO  o.e.m.j.i.AbstractJavaProjectConfigurator - Adding source folder /IOCProj01-DependencyManagement-XmlDrivenCfgs/src/main/java
2025-05-30 19:08:28,513 [Worker-0: Creating maven-archetype-quickstart] INFO  o.e.m.j.i.AbstractJavaProjectConfigurator - Adding resource folder /IOCProj01-DependencyManagement-XmlDrivenCfgs/src/main/resources
2025-05-30 19:08:28,525 [Worker-0: Creating maven-archetype-quickstart] INFO  o.e.m.j.i.AbstractJavaProjectConfigurator - Adding source folder /IOCProj01-DependencyManagement-XmlDrivenCfgs/src/test/java
2025-05-30 19:08:28,528 [Worker-0: Creating maven-archetype-quickstart] INFO  o.e.m.j.i.AbstractJavaProjectConfigurator - Adding resource folder /IOCProj01-DependencyManagement-XmlDrivenCfgs/src/test/resources
2025-05-30 19:08:28,924 [Worker-0: Creating maven-archetype-quickstart] INFO  o.e.m.c.i.p.ProjectConfigurationManager - Imported and configured 1 project(s) in 2 sec
2025-05-30 19:08:30,079 [Worker-24: Building] INFO  o.a.m.s.f.DefaultMavenResourcesFiltering - skip non existing resourceDirectory C:\data\spring\IOCProj01-DependencyManagement-XmlDrivenCfgs\src\main\resources
2025-05-30 19:08:30,099 [Worker-24: Building] INFO  o.a.m.s.f.DefaultMavenResourcesFiltering - skip non existing resourceDirectory C:\data\spring\IOCProj01-DependencyManagement-XmlDrivenCfgs\src\test\resources
2025-05-30 19:08:49,404 [Worker-14: Building] INFO  o.a.m.s.f.DefaultMavenResourcesFiltering - skip non existing resourceDirectory C:\data\spring\IOCProj01-DependencyManagement-XmlDrivenCfgs\src\main\resources
2025-05-30 19:08:49,407 [Worker-14: Building] INFO  o.a.m.s.f.DefaultMavenResourcesFiltering - skip non existing resourceDirectory C:\data\spring\IOCProj01-DependencyManagement-XmlDrivenCfgs\src\test\resources
2025-05-30 19:08:59,493 [Worker-29: Updating Maven Dependencies] ERROR o.e.m.j.i.l.MavenLaunchConfigurationListener - Launch configuration Tain references closed project cricket
org.eclipse.core.runtime.CoreException: Launch configuration Tain references closed project cricket
	at org.eclipse.jdt.launching.JavaRuntime.abort(JavaRuntime.java:1871)
	at org.eclipse.jdt.launching.JavaRuntime.getJavaProject(JavaRuntime.java:1745)
	at org.eclipse.m2e.jdt.internal.launch.MavenLaunchConfigurationListener.updateLaunchConfiguration(MavenLaunchConfigurationListener.java:66)
	at org.eclipse.m2e.jdt.internal.launch.MavenLaunchConfigurationListener.launchConfigurationChanged(MavenLaunchConfigurationListener.java:52)
	at org.eclipse.debug.internal.core.LaunchManager$ConfigurationNotifier.run(LaunchManager.java:220)
	at org.eclipse.core.runtime.SafeRunner.run(SafeRunner.java:47)
	at org.eclipse.debug.internal.core.LaunchManager$ConfigurationNotifier.notify(LaunchManager.java:204)
	at org.eclipse.debug.internal.core.LaunchConfigurationWorkingCopy.setDirty(LaunchConfigurationWorkingCopy.java:527)
	at org.eclipse.debug.internal.core.LaunchConfigurationWorkingCopy.setAttribute(LaunchConfigurationWorkingCopy.java:415)
	at org.eclipse.m2e.jdt.internal.launch.MavenRuntimeClasspathProvider.disable(MavenRuntimeClasspathProvider.java:409)
	at org.eclipse.m2e.jdt.internal.launch.MavenRuntimeClasspathProvider.disable(MavenRuntimeClasspathProvider.java:435)
	at org.eclipse.m2e.jdt.internal.launch.MavenLaunchConfigurationListener.mavenProjectChanged(MavenLaunchConfigurationListener.java:137)
	at org.eclipse.m2e.core.internal.project.registry.ProjectRegistryManager.notifyProjectChangeListeners(ProjectRegistryManager.java:892)
	at org.eclipse.m2e.core.internal.project.registry.ProjectRegistryManager.applyMutableProjectRegistry(ProjectRegistryManager.java:1042)
	at org.eclipse.m2e.core.internal.project.registry.ProjectRegistryRefreshJob.lambda$0(ProjectRegistryRefreshJob.java:162)
	at org.eclipse.m2e.core.internal.embedder.MavenExecutionContext.executeBare(MavenExecutionContext.java:458)
	at org.eclipse.m2e.core.internal.embedder.MavenExecutionContext.execute(MavenExecutionContext.java:339)
	at org.eclipse.m2e.core.internal.embedder.MavenExecutionContext.execute(MavenExecutionContext.java:278)
	at org.eclipse.m2e.core.internal.project.registry.ProjectRegistryRefreshJob.run(ProjectRegistryRefreshJob.java:106)
	at org.eclipse.core.internal.jobs.Worker.run(Worker.java:63)
2025-05-30 19:08:59,502 [Worker-29: Updating Maven Dependencies] ERROR o.e.m.j.i.l.MavenLaunchConfigurationListener - Launch configuration Tain references closed project cricket
org.eclipse.core.runtime.CoreException: Launch configuration Tain references closed project cricket
	at org.eclipse.jdt.launching.JavaRuntime.abort(JavaRuntime.java:1871)
	at org.eclipse.jdt.launching.JavaRuntime.getJavaProject(JavaRuntime.java:1745)
	at org.eclipse.m2e.jdt.internal.launch.MavenLaunchConfigurationListener.updateLaunchConfiguration(MavenLaunchConfigurationListener.java:66)
	at org.eclipse.m2e.jdt.internal.launch.MavenLaunchConfigurationListener.launchConfigurationChanged(MavenLaunchConfigurationListener.java:52)
	at org.eclipse.debug.internal.core.LaunchManager$ConfigurationNotifier.run(LaunchManager.java:220)
	at org.eclipse.core.runtime.SafeRunner.run(SafeRunner.java:47)
	at org.eclipse.debug.internal.core.LaunchManager$ConfigurationNotifier.notify(LaunchManager.java:204)
	at org.eclipse.debug.internal.core.LaunchConfigurationWorkingCopy.setDirty(LaunchConfigurationWorkingCopy.java:527)
	at org.eclipse.debug.internal.core.LaunchConfigurationWorkingCopy.setAttribute(LaunchConfigurationWorkingCopy.java:415)
	at org.eclipse.m2e.jdt.internal.launch.MavenRuntimeClasspathProvider.disable(MavenRuntimeClasspathProvider.java:410)
	at org.eclipse.m2e.jdt.internal.launch.MavenRuntimeClasspathProvider.disable(MavenRuntimeClasspathProvider.java:435)
	at org.eclipse.m2e.jdt.internal.launch.MavenLaunchConfigurationListener.mavenProjectChanged(MavenLaunchConfigurationListener.java:137)
	at org.eclipse.m2e.core.internal.project.registry.ProjectRegistryManager.notifyProjectChangeListeners(ProjectRegistryManager.java:892)
	at org.eclipse.m2e.core.internal.project.registry.ProjectRegistryManager.applyMutableProjectRegistry(ProjectRegistryManager.java:1042)
	at org.eclipse.m2e.core.internal.project.registry.ProjectRegistryRefreshJob.lambda$0(ProjectRegistryRefreshJob.java:162)
	at org.eclipse.m2e.core.internal.embedder.MavenExecutionContext.executeBare(MavenExecutionContext.java:458)
	at org.eclipse.m2e.core.internal.embedder.MavenExecutionContext.execute(MavenExecutionContext.java:339)
	at org.eclipse.m2e.core.internal.embedder.MavenExecutionContext.execute(MavenExecutionContext.java:278)
	at org.eclipse.m2e.core.internal.project.registry.ProjectRegistryRefreshJob.run(ProjectRegistryRefreshJob.java:106)
	at org.eclipse.core.internal.jobs.Worker.run(Worker.java:63)
2025-05-30 19:08:59,507 [Worker-29: Updating Maven Dependencies] ERROR o.e.m.j.i.l.MavenLaunchConfigurationListener - Launch configuration Tain references closed project cricket
org.eclipse.core.runtime.CoreException: Launch configuration Tain references closed project cricket
	at org.eclipse.jdt.launching.JavaRuntime.abort(JavaRuntime.java:1871)
	at org.eclipse.jdt.launching.JavaRuntime.getJavaProject(JavaRuntime.java:1745)
	at org.eclipse.m2e.jdt.internal.launch.MavenLaunchConfigurationListener.updateLaunchConfiguration(MavenLaunchConfigurationListener.java:66)
	at org.eclipse.m2e.jdt.internal.launch.MavenLaunchConfigurationListener.launchConfigurationChanged(MavenLaunchConfigurationListener.java:52)
	at org.eclipse.debug.internal.core.LaunchManager$ConfigurationNotifier.run(LaunchManager.java:220)
	at org.eclipse.core.runtime.SafeRunner.run(SafeRunner.java:47)
	at org.eclipse.debug.internal.core.LaunchManager$ConfigurationNotifier.notify(LaunchManager.java:204)
	at org.eclipse.debug.internal.core.LaunchManager.launchConfigurationChanged(LaunchManager.java:2009)
	at org.eclipse.debug.internal.core.LaunchConfigurationWorkingCopy.writeNewFile(LaunchConfigurationWorkingCopy.java:380)
	at org.eclipse.debug.internal.core.LaunchConfigurationWorkingCopy.doSave0(LaunchConfigurationWorkingCopy.java:259)
	at org.eclipse.debug.internal.core.LaunchConfigurationWorkingCopy.doSave(LaunchConfigurationWorkingCopy.java:229)
	at org.eclipse.debug.internal.core.LaunchConfigurationWorkingCopy.doSave(LaunchConfigurationWorkingCopy.java:187)
	at org.eclipse.m2e.jdt.internal.launch.MavenRuntimeClasspathProvider.disable(MavenRuntimeClasspathProvider.java:411)
	at org.eclipse.m2e.jdt.internal.launch.MavenRuntimeClasspathProvider.disable(MavenRuntimeClasspathProvider.java:435)
	at org.eclipse.m2e.jdt.internal.launch.MavenLaunchConfigurationListener.mavenProjectChanged(MavenLaunchConfigurationListener.java:137)
	at org.eclipse.m2e.core.internal.project.registry.ProjectRegistryManager.notifyProjectChangeListeners(ProjectRegistryManager.java:892)
	at org.eclipse.m2e.core.internal.project.registry.ProjectRegistryManager.applyMutableProjectRegistry(ProjectRegistryManager.java:1042)
	at org.eclipse.m2e.core.internal.project.registry.ProjectRegistryRefreshJob.lambda$0(ProjectRegistryRefreshJob.java:162)
	at org.eclipse.m2e.core.internal.embedder.MavenExecutionContext.executeBare(MavenExecutionContext.java:458)
	at org.eclipse.m2e.core.internal.embedder.MavenExecutionContext.execute(MavenExecutionContext.java:339)
	at org.eclipse.m2e.core.internal.embedder.MavenExecutionContext.execute(MavenExecutionContext.java:278)
	at org.eclipse.m2e.core.internal.project.registry.ProjectRegistryRefreshJob.run(ProjectRegistryRefreshJob.java:106)
	at org.eclipse.core.internal.jobs.Worker.run(Worker.java:63)
2025-05-30 19:08:59,509 [Worker-29: Updating Maven Dependencies] ERROR o.e.m.j.i.l.MavenLaunchConfigurationListener - Launch configuration test (4) references closed project Internationalization_i18n_Comprehensive_Task
org.eclipse.core.runtime.CoreException: Launch configuration test (4) references closed project Internationalization_i18n_Comprehensive_Task
	at org.eclipse.jdt.launching.JavaRuntime.abort(JavaRuntime.java:1871)
	at org.eclipse.jdt.launching.JavaRuntime.getJavaProject(JavaRuntime.java:1745)
	at org.eclipse.m2e.jdt.internal.launch.MavenLaunchConfigurationListener.updateLaunchConfiguration(MavenLaunchConfigurationListener.java:66)
	at org.eclipse.m2e.jdt.internal.launch.MavenLaunchConfigurationListener.launchConfigurationChanged(MavenLaunchConfigurationListener.java:52)
	at org.eclipse.debug.internal.core.LaunchManager$ConfigurationNotifier.run(LaunchManager.java:220)
	at org.eclipse.core.runtime.SafeRunner.run(SafeRunner.java:47)
	at org.eclipse.debug.internal.core.LaunchManager$ConfigurationNotifier.notify(LaunchManager.java:204)
	at org.eclipse.debug.internal.core.LaunchConfigurationWorkingCopy.setDirty(LaunchConfigurationWorkingCopy.java:527)
	at org.eclipse.debug.internal.core.LaunchConfigurationWorkingCopy.setAttribute(LaunchConfigurationWorkingCopy.java:415)
	at org.eclipse.m2e.jdt.internal.launch.MavenRuntimeClasspathProvider.disable(MavenRuntimeClasspathProvider.java:409)
	at org.eclipse.m2e.jdt.internal.launch.MavenRuntimeClasspathProvider.disable(MavenRuntimeClasspathProvider.java:435)
	at org.eclipse.m2e.jdt.internal.launch.MavenLaunchConfigurationListener.mavenProjectChanged(MavenLaunchConfigurationListener.java:137)
	at org.eclipse.m2e.core.internal.project.registry.ProjectRegistryManager.notifyProjectChangeListeners(ProjectRegistryManager.java:892)
	at org.eclipse.m2e.core.internal.project.registry.ProjectRegistryManager.applyMutableProjectRegistry(ProjectRegistryManager.java:1042)
	at org.eclipse.m2e.core.internal.project.registry.ProjectRegistryRefreshJob.lambda$0(ProjectRegistryRefreshJob.java:162)
	at org.eclipse.m2e.core.internal.embedder.MavenExecutionContext.executeBare(MavenExecutionContext.java:458)
	at org.eclipse.m2e.core.internal.embedder.MavenExecutionContext.execute(MavenExecutionContext.java:339)
	at org.eclipse.m2e.core.internal.embedder.MavenExecutionContext.execute(MavenExecutionContext.java:278)
	at org.eclipse.m2e.core.internal.project.registry.ProjectRegistryRefreshJob.run(ProjectRegistryRefreshJob.java:106)
	at org.eclipse.core.internal.jobs.Worker.run(Worker.java:63)
2025-05-30 19:08:59,510 [Worker-29: Updating Maven Dependencies] ERROR o.e.m.j.i.l.MavenLaunchConfigurationListener - Launch configuration test (4) references closed project Internationalization_i18n_Comprehensive_Task
org.eclipse.core.runtime.CoreException: Launch configuration test (4) references closed project Internationalization_i18n_Comprehensive_Task
	at org.eclipse.jdt.launching.JavaRuntime.abort(JavaRuntime.java:1871)
	at org.eclipse.jdt.launching.JavaRuntime.getJavaProject(JavaRuntime.java:1745)
	at org.eclipse.m2e.jdt.internal.launch.MavenLaunchConfigurationListener.updateLaunchConfiguration(MavenLaunchConfigurationListener.java:66)
	at org.eclipse.m2e.jdt.internal.launch.MavenLaunchConfigurationListener.launchConfigurationChanged(MavenLaunchConfigurationListener.java:52)
	at org.eclipse.debug.internal.core.LaunchManager$ConfigurationNotifier.run(LaunchManager.java:220)
	at org.eclipse.core.runtime.SafeRunner.run(SafeRunner.java:47)
	at org.eclipse.debug.internal.core.LaunchManager$ConfigurationNotifier.notify(LaunchManager.java:204)
	at org.eclipse.debug.internal.core.LaunchConfigurationWorkingCopy.setDirty(LaunchConfigurationWorkingCopy.java:527)
	at org.eclipse.debug.internal.core.LaunchConfigurationWorkingCopy.setAttribute(LaunchConfigurationWorkingCopy.java:415)
	at org.eclipse.m2e.jdt.internal.launch.MavenRuntimeClasspathProvider.disable(MavenRuntimeClasspathProvider.java:410)
	at org.eclipse.m2e.jdt.internal.launch.MavenRuntimeClasspathProvider.disable(MavenRuntimeClasspathProvider.java:435)
	at org.eclipse.m2e.jdt.internal.launch.MavenLaunchConfigurationListener.mavenProjectChanged(MavenLaunchConfigurationListener.java:137)
	at org.eclipse.m2e.core.internal.project.registry.ProjectRegistryManager.notifyProjectChangeListeners(ProjectRegistryManager.java:892)
	at org.eclipse.m2e.core.internal.project.registry.ProjectRegistryManager.applyMutableProjectRegistry(ProjectRegistryManager.java:1042)
	at org.eclipse.m2e.core.internal.project.registry.ProjectRegistryRefreshJob.lambda$0(ProjectRegistryRefreshJob.java:162)
	at org.eclipse.m2e.core.internal.embedder.MavenExecutionContext.executeBare(MavenExecutionContext.java:458)
	at org.eclipse.m2e.core.internal.embedder.MavenExecutionContext.execute(MavenExecutionContext.java:339)
	at org.eclipse.m2e.core.internal.embedder.MavenExecutionContext.execute(MavenExecutionContext.java:278)
	at org.eclipse.m2e.core.internal.project.registry.ProjectRegistryRefreshJob.run(ProjectRegistryRefreshJob.java:106)
	at org.eclipse.core.internal.jobs.Worker.run(Worker.java:63)
2025-05-30 19:08:59,512 [Worker-29: Updating Maven Dependencies] ERROR o.e.m.j.i.l.MavenLaunchConfigurationListener - Launch configuration test (4) references closed project Internationalization_i18n_Comprehensive_Task
org.eclipse.core.runtime.CoreException: Launch configuration test (4) references closed project Internationalization_i18n_Comprehensive_Task
	at org.eclipse.jdt.launching.JavaRuntime.abort(JavaRuntime.java:1871)
	at org.eclipse.jdt.launching.JavaRuntime.getJavaProject(JavaRuntime.java:1745)
	at org.eclipse.m2e.jdt.internal.launch.MavenLaunchConfigurationListener.updateLaunchConfiguration(MavenLaunchConfigurationListener.java:66)
	at org.eclipse.m2e.jdt.internal.launch.MavenLaunchConfigurationListener.launchConfigurationChanged(MavenLaunchConfigurationListener.java:52)
	at org.eclipse.debug.internal.core.LaunchManager$ConfigurationNotifier.run(LaunchManager.java:220)
	at org.eclipse.core.runtime.SafeRunner.run(SafeRunner.java:47)
	at org.eclipse.debug.internal.core.LaunchManager$ConfigurationNotifier.notify(LaunchManager.java:204)
	at org.eclipse.debug.internal.core.LaunchManager.launchConfigurationChanged(LaunchManager.java:2009)
	at org.eclipse.debug.internal.core.LaunchConfigurationWorkingCopy.writeNewFile(LaunchConfigurationWorkingCopy.java:380)
	at org.eclipse.debug.internal.core.LaunchConfigurationWorkingCopy.doSave0(LaunchConfigurationWorkingCopy.java:259)
	at org.eclipse.debug.internal.core.LaunchConfigurationWorkingCopy.doSave(LaunchConfigurationWorkingCopy.java:229)
	at org.eclipse.debug.internal.core.LaunchConfigurationWorkingCopy.doSave(LaunchConfigurationWorkingCopy.java:187)
	at org.eclipse.m2e.jdt.internal.launch.MavenRuntimeClasspathProvider.disable(MavenRuntimeClasspathProvider.java:411)
	at org.eclipse.m2e.jdt.internal.launch.MavenRuntimeClasspathProvider.disable(MavenRuntimeClasspathProvider.java:435)
	at org.eclipse.m2e.jdt.internal.launch.MavenLaunchConfigurationListener.mavenProjectChanged(MavenLaunchConfigurationListener.java:137)
	at org.eclipse.m2e.core.internal.project.registry.ProjectRegistryManager.notifyProjectChangeListeners(ProjectRegistryManager.java:892)
	at org.eclipse.m2e.core.internal.project.registry.ProjectRegistryManager.applyMutableProjectRegistry(ProjectRegistryManager.java:1042)
	at org.eclipse.m2e.core.internal.project.registry.ProjectRegistryRefreshJob.lambda$0(ProjectRegistryRefreshJob.java:162)
	at org.eclipse.m2e.core.internal.embedder.MavenExecutionContext.executeBare(MavenExecutionContext.java:458)
	at org.eclipse.m2e.core.internal.embedder.MavenExecutionContext.execute(MavenExecutionContext.java:339)
	at org.eclipse.m2e.core.internal.embedder.MavenExecutionContext.execute(MavenExecutionContext.java:278)
	at org.eclipse.m2e.core.internal.project.registry.ProjectRegistryRefreshJob.run(ProjectRegistryRefreshJob.java:106)
	at org.eclipse.core.internal.jobs.Worker.run(Worker.java:63)
2025-05-30 19:08:59,514 [Worker-29: Updating Maven Dependencies] ERROR o.e.m.j.i.l.MavenLaunchConfigurationListener - Launch configuration App references closed project i8n
org.eclipse.core.runtime.CoreException: Launch configuration App references closed project i8n
	at org.eclipse.jdt.launching.JavaRuntime.abort(JavaRuntime.java:1871)
	at org.eclipse.jdt.launching.JavaRuntime.getJavaProject(JavaRuntime.java:1745)
	at org.eclipse.m2e.jdt.internal.launch.MavenLaunchConfigurationListener.updateLaunchConfiguration(MavenLaunchConfigurationListener.java:66)
	at org.eclipse.m2e.jdt.internal.launch.MavenLaunchConfigurationListener.launchConfigurationChanged(MavenLaunchConfigurationListener.java:52)
	at org.eclipse.debug.internal.core.LaunchManager$ConfigurationNotifier.run(LaunchManager.java:220)
	at org.eclipse.core.runtime.SafeRunner.run(SafeRunner.java:47)
	at org.eclipse.debug.internal.core.LaunchManager$ConfigurationNotifier.notify(LaunchManager.java:204)
	at org.eclipse.debug.internal.core.LaunchConfigurationWorkingCopy.setDirty(LaunchConfigurationWorkingCopy.java:527)
	at org.eclipse.debug.internal.core.LaunchConfigurationWorkingCopy.setAttribute(LaunchConfigurationWorkingCopy.java:415)
	at org.eclipse.m2e.jdt.internal.launch.MavenRuntimeClasspathProvider.disable(MavenRuntimeClasspathProvider.java:409)
	at org.eclipse.m2e.jdt.internal.launch.MavenRuntimeClasspathProvider.disable(MavenRuntimeClasspathProvider.java:435)
	at org.eclipse.m2e.jdt.internal.launch.MavenLaunchConfigurationListener.mavenProjectChanged(MavenLaunchConfigurationListener.java:137)
	at org.eclipse.m2e.core.internal.project.registry.ProjectRegistryManager.notifyProjectChangeListeners(ProjectRegistryManager.java:892)
	at org.eclipse.m2e.core.internal.project.registry.ProjectRegistryManager.applyMutableProjectRegistry(ProjectRegistryManager.java:1042)
	at org.eclipse.m2e.core.internal.project.registry.ProjectRegistryRefreshJob.lambda$0(ProjectRegistryRefreshJob.java:162)
	at org.eclipse.m2e.core.internal.embedder.MavenExecutionContext.executeBare(MavenExecutionContext.java:458)
	at org.eclipse.m2e.core.internal.embedder.MavenExecutionContext.execute(MavenExecutionContext.java:339)
	at org.eclipse.m2e.core.internal.embedder.MavenExecutionContext.execute(MavenExecutionContext.java:278)
	at org.eclipse.m2e.core.internal.project.registry.ProjectRegistryRefreshJob.run(ProjectRegistryRefreshJob.java:106)
	at org.eclipse.core.internal.jobs.Worker.run(Worker.java:63)
2025-05-30 19:08:59,515 [Worker-29: Updating Maven Dependencies] ERROR o.e.m.j.i.l.MavenLaunchConfigurationListener - Launch configuration App references closed project i8n
org.eclipse.core.runtime.CoreException: Launch configuration App references closed project i8n
	at org.eclipse.jdt.launching.JavaRuntime.abort(JavaRuntime.java:1871)
	at org.eclipse.jdt.launching.JavaRuntime.getJavaProject(JavaRuntime.java:1745)
	at org.eclipse.m2e.jdt.internal.launch.MavenLaunchConfigurationListener.updateLaunchConfiguration(MavenLaunchConfigurationListener.java:66)
	at org.eclipse.m2e.jdt.internal.launch.MavenLaunchConfigurationListener.launchConfigurationChanged(MavenLaunchConfigurationListener.java:52)
	at org.eclipse.debug.internal.core.LaunchManager$ConfigurationNotifier.run(LaunchManager.java:220)
	at org.eclipse.core.runtime.SafeRunner.run(SafeRunner.java:47)
	at org.eclipse.debug.internal.core.LaunchManager$ConfigurationNotifier.notify(LaunchManager.java:204)
	at org.eclipse.debug.internal.core.LaunchConfigurationWorkingCopy.setDirty(LaunchConfigurationWorkingCopy.java:527)
	at org.eclipse.debug.internal.core.LaunchConfigurationWorkingCopy.setAttribute(LaunchConfigurationWorkingCopy.java:415)
	at org.eclipse.m2e.jdt.internal.launch.MavenRuntimeClasspathProvider.disable(MavenRuntimeClasspathProvider.java:410)
	at org.eclipse.m2e.jdt.internal.launch.MavenRuntimeClasspathProvider.disable(MavenRuntimeClasspathProvider.java:435)
	at org.eclipse.m2e.jdt.internal.launch.MavenLaunchConfigurationListener.mavenProjectChanged(MavenLaunchConfigurationListener.java:137)
	at org.eclipse.m2e.core.internal.project.registry.ProjectRegistryManager.notifyProjectChangeListeners(ProjectRegistryManager.java:892)
	at org.eclipse.m2e.core.internal.project.registry.ProjectRegistryManager.applyMutableProjectRegistry(ProjectRegistryManager.java:1042)
	at org.eclipse.m2e.core.internal.project.registry.ProjectRegistryRefreshJob.lambda$0(ProjectRegistryRefreshJob.java:162)
	at org.eclipse.m2e.core.internal.embedder.MavenExecutionContext.executeBare(MavenExecutionContext.java:458)
	at org.eclipse.m2e.core.internal.embedder.MavenExecutionContext.execute(MavenExecutionContext.java:339)
	at org.eclipse.m2e.core.internal.embedder.MavenExecutionContext.execute(MavenExecutionContext.java:278)
	at org.eclipse.m2e.core.internal.project.registry.ProjectRegistryRefreshJob.run(ProjectRegistryRefreshJob.java:106)
	at org.eclipse.core.internal.jobs.Worker.run(Worker.java:63)
2025-05-30 19:08:59,516 [Worker-29: Updating Maven Dependencies] ERROR o.e.m.j.i.l.MavenLaunchConfigurationListener - Launch configuration App references closed project i8n
org.eclipse.core.runtime.CoreException: Launch configuration App references closed project i8n
	at org.eclipse.jdt.launching.JavaRuntime.abort(JavaRuntime.java:1871)
	at org.eclipse.jdt.launching.JavaRuntime.getJavaProject(JavaRuntime.java:1745)
	at org.eclipse.m2e.jdt.internal.launch.MavenLaunchConfigurationListener.updateLaunchConfiguration(MavenLaunchConfigurationListener.java:66)
	at org.eclipse.m2e.jdt.internal.launch.MavenLaunchConfigurationListener.launchConfigurationChanged(MavenLaunchConfigurationListener.java:52)
	at org.eclipse.debug.internal.core.LaunchManager$ConfigurationNotifier.run(LaunchManager.java:220)
	at org.eclipse.core.runtime.SafeRunner.run(SafeRunner.java:47)
	at org.eclipse.debug.internal.core.LaunchManager$ConfigurationNotifier.notify(LaunchManager.java:204)
	at org.eclipse.debug.internal.core.LaunchManager.launchConfigurationChanged(LaunchManager.java:2009)
	at org.eclipse.debug.internal.core.LaunchConfigurationWorkingCopy.writeNewFile(LaunchConfigurationWorkingCopy.java:380)
	at org.eclipse.debug.internal.core.LaunchConfigurationWorkingCopy.doSave0(LaunchConfigurationWorkingCopy.java:259)
	at org.eclipse.debug.internal.core.LaunchConfigurationWorkingCopy.doSave(LaunchConfigurationWorkingCopy.java:229)
	at org.eclipse.debug.internal.core.LaunchConfigurationWorkingCopy.doSave(LaunchConfigurationWorkingCopy.java:187)
	at org.eclipse.m2e.jdt.internal.launch.MavenRuntimeClasspathProvider.disable(MavenRuntimeClasspathProvider.java:411)
	at org.eclipse.m2e.jdt.internal.launch.MavenRuntimeClasspathProvider.disable(MavenRuntimeClasspathProvider.java:435)
	at org.eclipse.m2e.jdt.internal.launch.MavenLaunchConfigurationListener.mavenProjectChanged(MavenLaunchConfigurationListener.java:137)
	at org.eclipse.m2e.core.internal.project.registry.ProjectRegistryManager.notifyProjectChangeListeners(ProjectRegistryManager.java:892)
	at org.eclipse.m2e.core.internal.project.registry.ProjectRegistryManager.applyMutableProjectRegistry(ProjectRegistryManager.java:1042)
	at org.eclipse.m2e.core.internal.project.registry.ProjectRegistryRefreshJob.lambda$0(ProjectRegistryRefreshJob.java:162)
	at org.eclipse.m2e.core.internal.embedder.MavenExecutionContext.executeBare(MavenExecutionContext.java:458)
	at org.eclipse.m2e.core.internal.embedder.MavenExecutionContext.execute(MavenExecutionContext.java:339)
	at org.eclipse.m2e.core.internal.embedder.MavenExecutionContext.execute(MavenExecutionContext.java:278)
	at org.eclipse.m2e.core.internal.project.registry.ProjectRegistryRefreshJob.run(ProjectRegistryRefreshJob.java:106)
	at org.eclipse.core.internal.jobs.Worker.run(Worker.java:63)
2025-05-30 19:11:34,460 [Worker-44: Building] INFO  o.a.m.s.f.DefaultMavenResourcesFiltering - skip non existing resourceDirectory C:\data\spring\IOCProj01-DependencyManagement-XmlDrivenCfgs\src\main\resources
2025-05-30 19:11:34,463 [Worker-44: Building] INFO  o.a.m.s.f.DefaultMavenResourcesFiltering - skip non existing resourceDirectory C:\data\spring\IOCProj01-DependencyManagement-XmlDrivenCfgs\src\test\resources
2025-05-30 19:11:40,277 [Worker-43: Building] INFO  o.a.m.s.f.DefaultMavenResourcesFiltering - skip non existing resourceDirectory C:\data\spring\IOCProj01-DependencyManagement-XmlDrivenCfgs\src\main\resources
2025-05-30 19:11:40,279 [Worker-43: Building] INFO  o.a.m.s.f.DefaultMavenResourcesFiltering - skip non existing resourceDirectory C:\data\spring\IOCProj01-DependencyManagement-XmlDrivenCfgs\src\test\resources
2025-05-30 19:12:53,631 [Worker-43: Building] INFO  o.a.m.s.f.DefaultMavenResourcesFiltering - skip non existing resourceDirectory C:\data\spring\IOCProj01-DependencyManagement-XmlDrivenCfgs\src\main\resources
2025-05-30 19:12:53,634 [Worker-43: Building] INFO  o.a.m.s.f.DefaultMavenResourcesFiltering - skip non existing resourceDirectory C:\data\spring\IOCProj01-DependencyManagement-XmlDrivenCfgs\src\test\resources
2025-05-30 19:13:34,493 [Worker-16: Building] INFO  o.a.m.s.f.DefaultMavenResourcesFiltering - skip non existing resourceDirectory C:\data\spring\IOCProj01-DependencyManagement-XmlDrivenCfgs\src\main\resources
2025-05-30 19:13:34,496 [Worker-16: Building] INFO  o.a.m.s.f.DefaultMavenResourcesFiltering - skip non existing resourceDirectory C:\data\spring\IOCProj01-DependencyManagement-XmlDrivenCfgs\src\test\resources
2025-05-30 19:14:03,651 [Worker-16: Building] INFO  o.a.m.s.f.DefaultMavenResourcesFiltering - skip non existing resourceDirectory C:\data\spring\IOCProj01-DependencyManagement-XmlDrivenCfgs\src\main\resources
2025-05-30 19:14:03,654 [Worker-16: Building] INFO  o.a.m.s.f.DefaultMavenResourcesFiltering - skip non existing resourceDirectory C:\data\spring\IOCProj01-DependencyManagement-XmlDrivenCfgs\src\test\resources
2025-05-30 19:15:17,022 [Worker-44: Building] INFO  o.a.m.s.f.DefaultMavenResourcesFiltering - skip non existing resourceDirectory C:\data\spring\IOCProj01-DependencyManagement-XmlDrivenCfgs\src\main\resources
2025-05-30 19:15:17,026 [Worker-44: Building] INFO  o.a.m.s.f.DefaultMavenResourcesFiltering - skip non existing resourceDirectory C:\data\spring\IOCProj01-DependencyManagement-XmlDrivenCfgs\src\test\resources
2025-05-30 19:15:30,556 [Worker-45: Building] INFO  o.a.m.s.f.DefaultMavenResourcesFiltering - skip non existing resourceDirectory C:\data\spring\IOCProj01-DependencyManagement-XmlDrivenCfgs\src\main\resources
2025-05-30 19:15:30,558 [Worker-45: Building] INFO  o.a.m.s.f.DefaultMavenResourcesFiltering - skip non existing resourceDirectory C:\data\spring\IOCProj01-DependencyManagement-XmlDrivenCfgs\src\test\resources
2025-05-30 19:15:35,830 [Worker-43: Building] INFO  o.a.m.s.f.DefaultMavenResourcesFiltering - skip non existing resourceDirectory C:\data\spring\IOCProj01-DependencyManagement-XmlDrivenCfgs\src\main\resources
2025-05-30 19:15:35,833 [Worker-43: Building] INFO  o.a.m.s.f.DefaultMavenResourcesFiltering - skip non existing resourceDirectory C:\data\spring\IOCProj01-DependencyManagement-XmlDrivenCfgs\src\test\resources
2025-05-30 19:20:39,672 [Worker-46: Building] INFO  o.a.m.s.f.DefaultMavenResourcesFiltering - skip non existing resourceDirectory C:\data\spring\IOCProj01-DependencyManagement-XmlDrivenCfgs\src\main\resources
2025-05-30 19:20:39,673 [Worker-46: Building] INFO  o.a.m.s.f.DefaultMavenResourcesFiltering - skip non existing resourceDirectory C:\data\spring\IOCProj01-DependencyManagement-XmlDrivenCfgs\src\test\resources
2025-05-30 19:20:55,040 [Worker-38: Building] INFO  o.a.m.s.f.DefaultMavenResourcesFiltering - skip non existing resourceDirectory C:\data\spring\IOCProj01-DependencyManagement-XmlDrivenCfgs\src\main\resources
2025-05-30 19:20:55,043 [Worker-38: Building] INFO  o.a.m.s.f.DefaultMavenResourcesFiltering - skip non existing resourceDirectory C:\data\spring\IOCProj01-DependencyManagement-XmlDrivenCfgs\src\test\resources
2025-05-30 19:22:12,931 [Worker-44: Building] INFO  o.a.m.s.f.DefaultMavenResourcesFiltering - skip non existing resourceDirectory C:\data\spring\IOCProj01-DependencyManagement-XmlDrivenCfgs\src\main\resources
2025-05-30 19:22:12,933 [Worker-44: Building] INFO  o.a.m.s.f.DefaultMavenResourcesFiltering - skip non existing resourceDirectory C:\data\spring\IOCProj01-DependencyManagement-XmlDrivenCfgs\src\test\resources
2025-05-30 19:22:18,078 [Worker-7: Building] INFO  o.a.m.s.f.DefaultMavenResourcesFiltering - skip non existing resourceDirectory C:\data\spring\IOCProj01-DependencyManagement-XmlDrivenCfgs\src\main\resources
2025-05-30 19:22:18,080 [Worker-7: Building] INFO  o.a.m.s.f.DefaultMavenResourcesFiltering - skip non existing resourceDirectory C:\data\spring\IOCProj01-DependencyManagement-XmlDrivenCfgs\src\test\resources
2025-05-30 19:22:50,764 [Worker-38: Building] INFO  o.a.m.s.f.DefaultMavenResourcesFiltering - skip non existing resourceDirectory C:\data\spring\IOCProj01-DependencyManagement-XmlDrivenCfgs\src\main\resources
2025-05-30 19:22:50,766 [Worker-38: Building] INFO  o.a.m.s.f.DefaultMavenResourcesFiltering - skip non existing resourceDirectory C:\data\spring\IOCProj01-DependencyManagement-XmlDrivenCfgs\src\test\resources
2025-05-30 19:23:49,033 [Worker-46: Building] INFO  o.a.m.s.f.DefaultMavenResourcesFiltering - skip non existing resourceDirectory C:\data\spring\IOCProj01-DependencyManagement-XmlDrivenCfgs\src\main\resources
2025-05-30 19:23:49,060 [Worker-46: Building] INFO  o.a.m.s.f.DefaultMavenResourcesFiltering - skip non existing resourceDirectory C:\data\spring\IOCProj01-DependencyManagement-XmlDrivenCfgs\src\test\resources
2025-05-30 19:24:15,270 [Worker-46: Building] INFO  o.a.m.s.f.DefaultMavenResourcesFiltering - skip non existing resourceDirectory C:\data\spring\IOCProj01-DependencyManagement-XmlDrivenCfgs\src\main\resources
2025-05-30 19:24:15,274 [Worker-46: Building] INFO  o.a.m.s.f.DefaultMavenResourcesFiltering - skip non existing resourceDirectory C:\data\spring\IOCProj01-DependencyManagement-XmlDrivenCfgs\src\test\resources
2025-05-30 19:27:25,818 [Worker-7: Building] INFO  o.a.m.s.f.DefaultMavenResourcesFiltering - skip non existing resourceDirectory C:\data\spring\IOCProj01-DependencyManagement-XmlDrivenCfgs\src\main\resources
2025-05-30 19:27:25,822 [Worker-7: Building] INFO  o.a.m.s.f.DefaultMavenResourcesFiltering - skip non existing resourceDirectory C:\data\spring\IOCProj01-DependencyManagement-XmlDrivenCfgs\src\test\resources
2025-05-30 19:29:10,364 [Worker-46: Building] INFO  o.a.m.s.f.DefaultMavenResourcesFiltering - skip non existing resourceDirectory C:\data\spring\IOCProj01-DependencyManagement-XmlDrivenCfgs\src\main\resources
2025-05-30 19:29:10,366 [Worker-46: Building] INFO  o.a.m.s.f.DefaultMavenResourcesFiltering - skip non existing resourceDirectory C:\data\spring\IOCProj01-DependencyManagement-XmlDrivenCfgs\src\test\resources
2025-05-30 19:32:32,670 [Worker-47: Building] INFO  o.e.m.c.i.l.LifecycleMappingFactory - Using org.eclipse.m2e.jdt.JarLifecycleMapping lifecycle mapping for MavenProject: nit:IOCProj01-DependencyManagement-XmlDrivenCfgs:0.0.1-SNAPSHOT @ C:\data\spring\IOCProj01-DependencyManagement-XmlDrivenCfgs\pom.xml.
2025-05-30 19:32:32,885 [Worker-47: Building] INFO  o.a.m.s.f.DefaultMavenResourcesFiltering - skip non existing resourceDirectory C:\data\spring\IOCProj01-DependencyManagement-XmlDrivenCfgs\src\main\resources
2025-05-30 19:32:32,895 [Worker-47: Building] INFO  o.a.m.s.f.DefaultMavenResourcesFiltering - skip non existing resourceDirectory C:\data\spring\IOCProj01-DependencyManagement-XmlDrivenCfgs\src\test\resources
2025-05-30 19:32:34,408 [Worker-16: Building] INFO  o.a.m.s.f.DefaultMavenResourcesFiltering - skip non existing resourceDirectory C:\data\spring\IOCProj01-DependencyManagement-XmlDrivenCfgs\src\main\resources
2025-05-30 19:32:34,411 [Worker-16: Building] INFO  o.a.m.s.f.DefaultMavenResourcesFiltering - skip non existing resourceDirectory C:\data\spring\IOCProj01-DependencyManagement-XmlDrivenCfgs\src\test\resources
2025-05-30 19:32:58,465 [Worker-48: Building] INFO  o.a.m.s.f.DefaultMavenResourcesFiltering - Copying 0 resource from src\main\resources to target\classes
2025-05-30 19:32:58,469 [Worker-48: Building] INFO  o.a.m.s.f.DefaultMavenResourcesFiltering - Copying 0 resource from src\test\resources to target\test-classes
2025-05-30 19:33:41,381 [Worker-44: Building] INFO  o.a.m.s.f.DefaultMavenResourcesFiltering - Copying 0 resource from src\main\resources to target\classes
2025-05-30 19:33:41,383 [Worker-44: Building] INFO  o.a.m.s.f.DefaultMavenResourcesFiltering - Copying 0 resource from src\test\resources to target\test-classes
2025-05-30 19:33:49,123 [Worker-48: Building] INFO  o.a.m.s.f.DefaultMavenResourcesFiltering - Copying 0 resource from src\main\resources to target\classes
2025-05-30 19:33:49,125 [Worker-48: Building] INFO  o.a.m.s.f.DefaultMavenResourcesFiltering - Copying 0 resource from src\test\resources to target\test-classes
2025-05-31 15:12:33,158 [Worker-8: Loading available Gradle versions] INFO  o.e.b.c.i.u.g.PublishedGradleVersions - Gradle version information cache is up-to-date. Trying to read.
2025-06-06 09:44:22,695 [Worker-4: Loading available Gradle versions] INFO  o.e.b.c.i.u.g.PublishedGradleVersions - Gradle version information cache is out-of-date. Trying to update.
2025-06-06 09:49:50,797 [Worker-29: Launching mavenrun-9b121ccd-6076-4bf7-aa42-ccff89be9fdd] INFO  o.eclipse.m2e.core.internal.Bundles - getClasspathEntries(Bundle=org.eclipse.m2e.maven.runtime_3.9.900.20250220-2013 [637])
2025-06-06 09:49:50,801 [Worker-29: Launching mavenrun-9b121ccd-6076-4bf7-aa42-ccff89be9fdd] INFO  o.eclipse.m2e.core.internal.Bundles - 	Entry: C:\Users\harsh\.p2\pool\plugins\org.eclipse.m2e.maven.runtime_3.9.900.20250220-2013
2025-06-06 09:49:50,802 [Worker-29: Launching mavenrun-9b121ccd-6076-4bf7-aa42-ccff89be9fdd] INFO  o.eclipse.m2e.core.internal.Bundles - 	Entry: C:\Users\harsh\.p2\pool\plugins\org.eclipse.m2e.maven.runtime_3.9.900.20250220-2013\jars\aopalliance-1.0.jar
2025-06-06 09:49:50,802 [Worker-29: Launching mavenrun-9b121ccd-6076-4bf7-aa42-ccff89be9fdd] INFO  o.eclipse.m2e.core.internal.Bundles - 	Entry: C:\Users\harsh\.p2\pool\plugins\org.eclipse.m2e.maven.runtime_3.9.900.20250220-2013\jars\guice-5.1.0.jar
2025-06-06 09:49:50,803 [Worker-29: Launching mavenrun-9b121ccd-6076-4bf7-aa42-ccff89be9fdd] INFO  o.eclipse.m2e.core.internal.Bundles - 	Entry: C:\Users\harsh\.p2\pool\plugins\org.eclipse.m2e.maven.runtime_3.9.900.20250220-2013\jars\httpclient-4.5.14.jar
2025-06-06 09:49:50,803 [Worker-29: Launching mavenrun-9b121ccd-6076-4bf7-aa42-ccff89be9fdd] INFO  o.eclipse.m2e.core.internal.Bundles - 	Entry: C:\Users\harsh\.p2\pool\plugins\org.eclipse.m2e.maven.runtime_3.9.900.20250220-2013\jars\httpcore-4.4.16.jar
2025-06-06 09:49:50,803 [Worker-29: Launching mavenrun-9b121ccd-6076-4bf7-aa42-ccff89be9fdd] INFO  o.eclipse.m2e.core.internal.Bundles - 	Entry: C:\Users\harsh\.p2\pool\plugins\org.eclipse.m2e.maven.runtime_3.9.900.20250220-2013\jars\jansi-2.4.1.jar
2025-06-06 09:49:50,803 [Worker-29: Launching mavenrun-9b121ccd-6076-4bf7-aa42-ccff89be9fdd] INFO  o.eclipse.m2e.core.internal.Bundles - 	Entry: C:\Users\harsh\.p2\pool\plugins\org.eclipse.m2e.maven.runtime_3.9.900.20250220-2013\jars\jcl-over-slf4j-1.7.36.jar
2025-06-06 09:49:50,803 [Worker-29: Launching mavenrun-9b121ccd-6076-4bf7-aa42-ccff89be9fdd] INFO  o.eclipse.m2e.core.internal.Bundles - 	Entry: C:\Users\harsh\.p2\pool\plugins\org.eclipse.m2e.maven.runtime_3.9.900.20250220-2013\jars\maven-artifact-3.9.9.jar
2025-06-06 09:49:50,803 [Worker-29: Launching mavenrun-9b121ccd-6076-4bf7-aa42-ccff89be9fdd] INFO  o.eclipse.m2e.core.internal.Bundles - 	Entry: C:\Users\harsh\.p2\pool\plugins\org.eclipse.m2e.maven.runtime_3.9.900.20250220-2013\jars\maven-builder-support-3.9.9.jar
2025-06-06 09:49:50,804 [Worker-29: Launching mavenrun-9b121ccd-6076-4bf7-aa42-ccff89be9fdd] INFO  o.eclipse.m2e.core.internal.Bundles - 	Entry: C:\Users\harsh\.p2\pool\plugins\org.eclipse.m2e.maven.runtime_3.9.900.20250220-2013\jars\maven-compat-3.9.9.jar
2025-06-06 09:49:50,804 [Worker-29: Launching mavenrun-9b121ccd-6076-4bf7-aa42-ccff89be9fdd] INFO  o.eclipse.m2e.core.internal.Bundles - 	Entry: C:\Users\harsh\.p2\pool\plugins\org.eclipse.m2e.maven.runtime_3.9.900.20250220-2013\jars\maven-core-3.9.9.jar
2025-06-06 09:49:50,804 [Worker-29: Launching mavenrun-9b121ccd-6076-4bf7-aa42-ccff89be9fdd] INFO  o.eclipse.m2e.core.internal.Bundles - 	Entry: C:\Users\harsh\.p2\pool\plugins\org.eclipse.m2e.maven.runtime_3.9.900.20250220-2013\jars\maven-embedder-3.9.9.jar
2025-06-06 09:49:50,804 [Worker-29: Launching mavenrun-9b121ccd-6076-4bf7-aa42-ccff89be9fdd] INFO  o.eclipse.m2e.core.internal.Bundles - 	Entry: C:\Users\harsh\.p2\pool\plugins\org.eclipse.m2e.maven.runtime_3.9.900.20250220-2013\jars\maven-model-3.9.9.jar
2025-06-06 09:49:50,804 [Worker-29: Launching mavenrun-9b121ccd-6076-4bf7-aa42-ccff89be9fdd] INFO  o.eclipse.m2e.core.internal.Bundles - 	Entry: C:\Users\harsh\.p2\pool\plugins\org.eclipse.m2e.maven.runtime_3.9.900.20250220-2013\jars\maven-model-builder-3.9.9.jar
2025-06-06 09:49:50,804 [Worker-29: Launching mavenrun-9b121ccd-6076-4bf7-aa42-ccff89be9fdd] INFO  o.eclipse.m2e.core.internal.Bundles - 	Entry: C:\Users\harsh\.p2\pool\plugins\org.eclipse.m2e.maven.runtime_3.9.900.20250220-2013\jars\maven-plugin-api-3.9.9.jar
2025-06-06 09:49:50,805 [Worker-29: Launching mavenrun-9b121ccd-6076-4bf7-aa42-ccff89be9fdd] INFO  o.eclipse.m2e.core.internal.Bundles - 	Entry: C:\Users\harsh\.p2\pool\plugins\org.eclipse.m2e.maven.runtime_3.9.900.20250220-2013\jars\maven-repository-metadata-3.9.9.jar
2025-06-06 09:49:50,805 [Worker-29: Launching mavenrun-9b121ccd-6076-4bf7-aa42-ccff89be9fdd] INFO  o.eclipse.m2e.core.internal.Bundles - 	Entry: C:\Users\harsh\.p2\pool\plugins\org.eclipse.m2e.maven.runtime_3.9.900.20250220-2013\jars\maven-resolver-api-1.9.22.jar
2025-06-06 09:49:50,805 [Worker-29: Launching mavenrun-9b121ccd-6076-4bf7-aa42-ccff89be9fdd] INFO  o.eclipse.m2e.core.internal.Bundles - 	Entry: C:\Users\harsh\.p2\pool\plugins\org.eclipse.m2e.maven.runtime_3.9.900.20250220-2013\jars\maven-resolver-connector-basic-1.9.22.jar
2025-06-06 09:49:50,805 [Worker-29: Launching mavenrun-9b121ccd-6076-4bf7-aa42-ccff89be9fdd] INFO  o.eclipse.m2e.core.internal.Bundles - 	Entry: C:\Users\harsh\.p2\pool\plugins\org.eclipse.m2e.maven.runtime_3.9.900.20250220-2013\jars\maven-resolver-impl-1.9.22.jar
2025-06-06 09:49:50,805 [Worker-29: Launching mavenrun-9b121ccd-6076-4bf7-aa42-ccff89be9fdd] INFO  o.eclipse.m2e.core.internal.Bundles - 	Entry: C:\Users\harsh\.p2\pool\plugins\org.eclipse.m2e.maven.runtime_3.9.900.20250220-2013\jars\maven-resolver-named-locks-1.9.22.jar
2025-06-06 09:49:50,806 [Worker-29: Launching mavenrun-9b121ccd-6076-4bf7-aa42-ccff89be9fdd] INFO  o.eclipse.m2e.core.internal.Bundles - 	Entry: C:\Users\harsh\.p2\pool\plugins\org.eclipse.m2e.maven.runtime_3.9.900.20250220-2013\jars\maven-resolver-provider-3.9.9.jar
2025-06-06 09:49:50,806 [Worker-29: Launching mavenrun-9b121ccd-6076-4bf7-aa42-ccff89be9fdd] INFO  o.eclipse.m2e.core.internal.Bundles - 	Entry: C:\Users\harsh\.p2\pool\plugins\org.eclipse.m2e.maven.runtime_3.9.900.20250220-2013\jars\maven-resolver-spi-1.9.22.jar
2025-06-06 09:49:50,806 [Worker-29: Launching mavenrun-9b121ccd-6076-4bf7-aa42-ccff89be9fdd] INFO  o.eclipse.m2e.core.internal.Bundles - 	Entry: C:\Users\harsh\.p2\pool\plugins\org.eclipse.m2e.maven.runtime_3.9.900.20250220-2013\jars\maven-resolver-transport-file-1.9.22.jar
2025-06-06 09:49:50,806 [Worker-29: Launching mavenrun-9b121ccd-6076-4bf7-aa42-ccff89be9fdd] INFO  o.eclipse.m2e.core.internal.Bundles - 	Entry: C:\Users\harsh\.p2\pool\plugins\org.eclipse.m2e.maven.runtime_3.9.900.20250220-2013\jars\maven-resolver-transport-http-1.9.22.jar
2025-06-06 09:49:50,806 [Worker-29: Launching mavenrun-9b121ccd-6076-4bf7-aa42-ccff89be9fdd] INFO  o.eclipse.m2e.core.internal.Bundles - 	Entry: C:\Users\harsh\.p2\pool\plugins\org.eclipse.m2e.maven.runtime_3.9.900.20250220-2013\jars\maven-resolver-transport-wagon-1.9.22.jar
2025-06-06 09:49:50,806 [Worker-29: Launching mavenrun-9b121ccd-6076-4bf7-aa42-ccff89be9fdd] INFO  o.eclipse.m2e.core.internal.Bundles - 	Entry: C:\Users\harsh\.p2\pool\plugins\org.eclipse.m2e.maven.runtime_3.9.900.20250220-2013\jars\maven-resolver-util-1.9.22.jar
2025-06-06 09:49:50,806 [Worker-29: Launching mavenrun-9b121ccd-6076-4bf7-aa42-ccff89be9fdd] INFO  o.eclipse.m2e.core.internal.Bundles - 	Entry: C:\Users\harsh\.p2\pool\plugins\org.eclipse.m2e.maven.runtime_3.9.900.20250220-2013\jars\maven-settings-3.9.9.jar
2025-06-06 09:49:50,807 [Worker-29: Launching mavenrun-9b121ccd-6076-4bf7-aa42-ccff89be9fdd] INFO  o.eclipse.m2e.core.internal.Bundles - 	Entry: C:\Users\harsh\.p2\pool\plugins\org.eclipse.m2e.maven.runtime_3.9.900.20250220-2013\jars\maven-settings-builder-3.9.9.jar
2025-06-06 09:49:50,807 [Worker-29: Launching mavenrun-9b121ccd-6076-4bf7-aa42-ccff89be9fdd] INFO  o.eclipse.m2e.core.internal.Bundles - 	Entry: C:\Users\harsh\.p2\pool\plugins\org.eclipse.m2e.maven.runtime_3.9.900.20250220-2013\jars\maven-shared-utils-3.4.2.jar
2025-06-06 09:49:50,807 [Worker-29: Launching mavenrun-9b121ccd-6076-4bf7-aa42-ccff89be9fdd] INFO  o.eclipse.m2e.core.internal.Bundles - 	Entry: C:\Users\harsh\.p2\pool\plugins\org.eclipse.m2e.maven.runtime_3.9.900.20250220-2013\jars\org.eclipse.sisu.inject-0.9.0.M3.jar
2025-06-06 09:49:50,807 [Worker-29: Launching mavenrun-9b121ccd-6076-4bf7-aa42-ccff89be9fdd] INFO  o.eclipse.m2e.core.internal.Bundles - 	Entry: C:\Users\harsh\.p2\pool\plugins\org.eclipse.m2e.maven.runtime_3.9.900.20250220-2013\jars\org.eclipse.sisu.plexus-0.9.0.M3.jar
2025-06-06 09:49:50,807 [Worker-29: Launching mavenrun-9b121ccd-6076-4bf7-aa42-ccff89be9fdd] INFO  o.eclipse.m2e.core.internal.Bundles - 	Entry: C:\Users\harsh\.p2\pool\plugins\org.eclipse.m2e.maven.runtime_3.9.900.20250220-2013\jars\plexus-build-api-0.0.7.jar
2025-06-06 09:49:50,807 [Worker-29: Launching mavenrun-9b121ccd-6076-4bf7-aa42-ccff89be9fdd] INFO  o.eclipse.m2e.core.internal.Bundles - 	Entry: C:\Users\harsh\.p2\pool\plugins\org.eclipse.m2e.maven.runtime_3.9.900.20250220-2013\jars\plexus-build-api-1.2.0.jar
2025-06-06 09:49:50,807 [Worker-29: Launching mavenrun-9b121ccd-6076-4bf7-aa42-ccff89be9fdd] INFO  o.eclipse.m2e.core.internal.Bundles - 	Entry: C:\Users\harsh\.p2\pool\plugins\org.eclipse.m2e.maven.runtime_3.9.900.20250220-2013\jars\plexus-cipher-2.0.jar
2025-06-06 09:49:50,808 [Worker-29: Launching mavenrun-9b121ccd-6076-4bf7-aa42-ccff89be9fdd] INFO  o.eclipse.m2e.core.internal.Bundles - 	Entry: C:\Users\harsh\.p2\pool\plugins\org.eclipse.m2e.maven.runtime_3.9.900.20250220-2013\jars\plexus-classworlds-2.8.0.jar
2025-06-06 09:49:50,808 [Worker-29: Launching mavenrun-9b121ccd-6076-4bf7-aa42-ccff89be9fdd] INFO  o.eclipse.m2e.core.internal.Bundles - 	Entry: C:\Users\harsh\.p2\pool\plugins\org.eclipse.m2e.maven.runtime_3.9.900.20250220-2013\jars\plexus-component-annotations-2.1.0.jar
2025-06-06 09:49:50,808 [Worker-29: Launching mavenrun-9b121ccd-6076-4bf7-aa42-ccff89be9fdd] INFO  o.eclipse.m2e.core.internal.Bundles - 	Entry: C:\Users\harsh\.p2\pool\plugins\org.eclipse.m2e.maven.runtime_3.9.900.20250220-2013\jars\plexus-interpolation-1.27.jar
2025-06-06 09:49:50,808 [Worker-29: Launching mavenrun-9b121ccd-6076-4bf7-aa42-ccff89be9fdd] INFO  o.eclipse.m2e.core.internal.Bundles - 	Entry: C:\Users\harsh\.p2\pool\plugins\org.eclipse.m2e.maven.runtime_3.9.900.20250220-2013\jars\plexus-sec-dispatcher-2.0.jar
2025-06-06 09:49:50,808 [Worker-29: Launching mavenrun-9b121ccd-6076-4bf7-aa42-ccff89be9fdd] INFO  o.eclipse.m2e.core.internal.Bundles - 	Entry: C:\Users\harsh\.p2\pool\plugins\org.eclipse.m2e.maven.runtime_3.9.900.20250220-2013\jars\plexus-utils-3.5.1.jar
2025-06-06 09:49:50,809 [Worker-29: Launching mavenrun-9b121ccd-6076-4bf7-aa42-ccff89be9fdd] INFO  o.eclipse.m2e.core.internal.Bundles - 	Entry: C:\Users\harsh\.p2\pool\plugins\org.eclipse.m2e.maven.runtime_3.9.900.20250220-2013\jars\plexus-xml-3.0.1.jar
2025-06-06 09:49:50,809 [Worker-29: Launching mavenrun-9b121ccd-6076-4bf7-aa42-ccff89be9fdd] INFO  o.eclipse.m2e.core.internal.Bundles - 	Entry: C:\Users\harsh\.p2\pool\plugins\org.eclipse.m2e.maven.runtime_3.9.900.20250220-2013\jars\wagon-file-3.5.3.jar
2025-06-06 09:49:50,809 [Worker-29: Launching mavenrun-9b121ccd-6076-4bf7-aa42-ccff89be9fdd] INFO  o.eclipse.m2e.core.internal.Bundles - 	Entry: C:\Users\harsh\.p2\pool\plugins\org.eclipse.m2e.maven.runtime_3.9.900.20250220-2013\jars\wagon-http-3.5.3.jar
2025-06-06 09:49:50,809 [Worker-29: Launching mavenrun-9b121ccd-6076-4bf7-aa42-ccff89be9fdd] INFO  o.eclipse.m2e.core.internal.Bundles - 	Entry: C:\Users\harsh\.p2\pool\plugins\org.eclipse.m2e.maven.runtime_3.9.900.20250220-2013\jars\wagon-http-shared-3.5.3.jar
2025-06-06 09:49:50,809 [Worker-29: Launching mavenrun-9b121ccd-6076-4bf7-aa42-ccff89be9fdd] INFO  o.eclipse.m2e.core.internal.Bundles - 	Entry: C:\Users\harsh\.p2\pool\plugins\org.eclipse.m2e.maven.runtime_3.9.900.20250220-2013\jars\wagon-provider-api-3.5.3.jar
2025-06-06 09:49:50,813 [Worker-29: Launching mavenrun-9b121ccd-6076-4bf7-aa42-ccff89be9fdd] INFO  o.eclipse.m2e.core.internal.Bundles - getClasspathEntries(Bundle=com.google.guava_33.4.8.jre [1342])
2025-06-06 09:49:50,814 [Worker-29: Launching mavenrun-9b121ccd-6076-4bf7-aa42-ccff89be9fdd] INFO  o.eclipse.m2e.core.internal.Bundles - 	Entry: C:\Users\harsh\.p2\pool\plugins\com.google.guava_33.4.8.jre.jar
2025-06-06 09:49:50,814 [Worker-29: Launching mavenrun-9b121ccd-6076-4bf7-aa42-ccff89be9fdd] INFO  o.eclipse.m2e.core.internal.Bundles - getClasspathEntries(Bundle=slf4j.api_2.0.17 [1048])
2025-06-06 09:49:50,814 [Worker-29: Launching mavenrun-9b121ccd-6076-4bf7-aa42-ccff89be9fdd] INFO  o.eclipse.m2e.core.internal.Bundles - 	Entry: C:\Users\harsh\.p2\pool\plugins\slf4j.api_2.0.17.jar
2025-06-06 09:49:50,814 [Worker-29: Launching mavenrun-9b121ccd-6076-4bf7-aa42-ccff89be9fdd] INFO  o.eclipse.m2e.core.internal.Bundles - getClasspathEntries(Bundle=jakarta.inject.jakarta.inject-api_1.0.5 [34])
2025-06-06 09:49:50,815 [Worker-29: Launching mavenrun-9b121ccd-6076-4bf7-aa42-ccff89be9fdd] INFO  o.eclipse.m2e.core.internal.Bundles - 	Entry: C:\Users\harsh\.p2\pool\plugins\jakarta.inject.jakarta.inject-api_1.0.5.jar
2025-06-06 09:49:50,815 [Worker-29: Launching mavenrun-9b121ccd-6076-4bf7-aa42-ccff89be9fdd] INFO  o.eclipse.m2e.core.internal.Bundles - getClasspathEntries(Bundle=javax.annotation_1.3.5.v20200909-1856 [1346])
2025-06-06 09:49:50,815 [Worker-29: Launching mavenrun-9b121ccd-6076-4bf7-aa42-ccff89be9fdd] INFO  o.eclipse.m2e.core.internal.Bundles - 	Entry: C:\Users\harsh\.p2\pool\plugins\javax.annotation_1.3.5.v20200909-1856.jar
2025-06-06 09:49:50,815 [Worker-29: Launching mavenrun-9b121ccd-6076-4bf7-aa42-ccff89be9fdd] INFO  o.eclipse.m2e.core.internal.Bundles - getClasspathEntries(Bundle=org.apache.commons.cli_1.9.0 [74])
2025-06-06 09:49:50,816 [Worker-29: Launching mavenrun-9b121ccd-6076-4bf7-aa42-ccff89be9fdd] INFO  o.eclipse.m2e.core.internal.Bundles - 	Entry: C:\Users\harsh\.p2\pool\plugins\org.apache.commons.cli_1.9.0.jar
2025-06-06 09:49:50,816 [Worker-29: Launching mavenrun-9b121ccd-6076-4bf7-aa42-ccff89be9fdd] INFO  o.eclipse.m2e.core.internal.Bundles - getClasspathEntries(Bundle=org.apache.commons.commons-codec_1.16.0 [76])
2025-06-06 09:49:50,816 [Worker-29: Launching mavenrun-9b121ccd-6076-4bf7-aa42-ccff89be9fdd] INFO  o.eclipse.m2e.core.internal.Bundles - 	Entry: C:\Users\harsh\.p2\pool\plugins\org.apache.commons.commons-codec_1.16.0.jar
2025-06-06 09:49:50,816 [Worker-29: Launching mavenrun-9b121ccd-6076-4bf7-aa42-ccff89be9fdd] INFO  o.eclipse.m2e.core.internal.Bundles - getClasspathEntries(Bundle=com.google.guava.failureaccess_1.0.3 [1057])
2025-06-06 09:49:50,816 [Worker-29: Launching mavenrun-9b121ccd-6076-4bf7-aa42-ccff89be9fdd] INFO  o.eclipse.m2e.core.internal.Bundles - 	Entry: C:\Users\harsh\.p2\pool\plugins\com.google.guava.failureaccess_1.0.3.jar
2025-06-06 09:49:50,822 [Worker-29: Launching mavenrun-9b121ccd-6076-4bf7-aa42-ccff89be9fdd] INFO  o.e.m.i.launch.MavenLaunchDelegate - Run build in "C:\Users\harsh\AppData\Local\Temp\m2e-archetypeGenerator7219261456576590894":
2025-06-06 09:49:50,827 [Worker-29: Launching mavenrun-9b121ccd-6076-4bf7-aa42-ccff89be9fdd] INFO  o.e.m.i.launch.MavenLaunchDelegate -  mvn  -DjavaCompilerVersion=17 -DjunitVersion=5.11.0 -DarchetypeGroupId=org.apache.maven.archetypes -DarchetypeArtifactId=maven-archetype-quickstart -DarchetypeVersion=1.5 -DgroupId=com.nit -DartifactId=i8n_2 -Dversion=0.0.1-SNAPSHOT -Dpackage=com.nit.main -DoutputDirectory=C:\data\spring -Dstyle.color=always -U archetype:generate
2025-06-06 09:54:59,882 [Worker-25: Creating maven-archetype-quickstart] INFO  o.e.m.c.i.p.ProjectConfigurationManager - Collecting project info '/pom.xml' C:\data\spring\i8n_2\pom.xml
2025-06-06 09:55:00,690 [Worker-25: Creating maven-archetype-quickstart] INFO  o.e.m.c.i.l.LifecycleMappingFactory - Using org.eclipse.m2e.jdt.JarLifecycleMapping lifecycle mapping for MavenProject: com.nit:i8n_2:0.0.1-SNAPSHOT @ C:\data\spring\i8n_2\pom.xml.
2025-06-06 09:55:01,344 [Worker-25: Creating maven-archetype-quickstart] INFO  o.e.m.j.i.AbstractJavaProjectConfigurator - Adding source folder /i8n_2/src/main/java
2025-06-06 09:55:01,347 [Worker-25: Creating maven-archetype-quickstart] INFO  o.e.m.j.i.AbstractJavaProjectConfigurator - Adding resource folder /i8n_2/src/main/resources
2025-06-06 09:55:01,351 [Worker-25: Creating maven-archetype-quickstart] INFO  o.e.m.j.i.AbstractJavaProjectConfigurator - Adding source folder /i8n_2/src/test/java
2025-06-06 09:55:01,352 [Worker-25: Creating maven-archetype-quickstart] INFO  o.e.m.j.i.AbstractJavaProjectConfigurator - Adding resource folder /i8n_2/src/test/resources
2025-06-06 09:55:01,509 [Worker-25: Creating maven-archetype-quickstart] INFO  o.e.m.c.i.p.ProjectConfigurationManager - Imported and configured 1 project(s) in 1 sec
2025-06-06 09:55:02,453 [Worker-29: Building] INFO  o.a.m.s.f.DefaultMavenResourcesFiltering - skip non existing resourceDirectory C:\data\spring\i8n_2\src\main\resources
2025-06-06 09:55:02,460 [Worker-29: Building] INFO  o.a.m.s.f.DefaultMavenResourcesFiltering - skip non existing resourceDirectory C:\data\spring\i8n_2\src\test\resources
2025-06-06 09:55:18,912 [Worker-47: Building] INFO  o.a.m.s.f.DefaultMavenResourcesFiltering - skip non existing resourceDirectory C:\data\spring\i8n_2\src\main\resources
2025-06-06 09:55:18,917 [Worker-47: Building] INFO  o.a.m.s.f.DefaultMavenResourcesFiltering - skip non existing resourceDirectory C:\data\spring\i8n_2\src\test\resources
2025-06-06 09:56:09,590 [Worker-48: Building] INFO  o.a.m.s.f.DefaultMavenResourcesFiltering - Copying 0 resource from src\main\resources to target\classes
2025-06-06 09:56:09,608 [Worker-48: Building] INFO  o.a.m.s.f.DefaultMavenResourcesFiltering - Copying 0 resource from src\test\resources to target\test-classes
2025-06-06 09:57:12,057 [Worker-29: Building] INFO  o.a.m.s.f.DefaultMavenResourcesFiltering - Copying 1 resource from src\main\resources to target\classes
2025-06-06 09:57:12,068 [Worker-29: Building] INFO  o.a.m.s.f.DefaultMavenResourcesFiltering - Copying 0 resource from src\test\resources to target\test-classes
2025-06-06 09:57:27,356 [Worker-29: Building] INFO  o.a.m.s.f.DefaultMavenResourcesFiltering - Copying 1 resource from src\main\resources to target\classes
2025-06-06 09:57:27,359 [Worker-29: Building] INFO  o.a.m.s.f.DefaultMavenResourcesFiltering - Copying 0 resource from src\test\resources to target\test-classes
2025-06-06 09:59:37,783 [Worker-47: Building] INFO  o.a.m.s.f.DefaultMavenResourcesFiltering - Copying 1 resource from src\main\resources to target\classes
2025-06-06 09:59:37,788 [Worker-47: Building] INFO  o.a.m.s.f.DefaultMavenResourcesFiltering - Copying 0 resource from src\test\resources to target\test-classes
2025-06-06 09:59:56,352 [Worker-50: Building] INFO  o.a.m.s.f.DefaultMavenResourcesFiltering - Copying 1 resource from src\main\resources to target\classes
2025-06-06 09:59:56,360 [Worker-50: Building] INFO  o.a.m.s.f.DefaultMavenResourcesFiltering - Copying 0 resource from src\test\resources to target\test-classes
2025-06-06 10:00:04,986 [Worker-25: Building] INFO  o.a.m.s.f.DefaultMavenResourcesFiltering - Copying 1 resource from src\main\resources to target\classes
2025-06-06 10:00:04,993 [Worker-25: Building] INFO  o.a.m.s.f.DefaultMavenResourcesFiltering - Copying 0 resource from src\test\resources to target\test-classes
2025-06-06 10:00:57,745 [Worker-25: Building] INFO  o.a.m.s.f.DefaultMavenResourcesFiltering - Copying 1 resource from src\main\resources to target\classes
2025-06-06 10:00:57,752 [Worker-25: Building] INFO  o.a.m.s.f.DefaultMavenResourcesFiltering - Copying 0 resource from src\test\resources to target\test-classes
2025-06-06 10:02:16,734 [Worker-51: Building] INFO  o.a.m.s.f.DefaultMavenResourcesFiltering - Copying 3 resources from src\main\resources to target\classes
2025-06-06 10:02:16,739 [Worker-51: Building] INFO  o.a.m.s.f.DefaultMavenResourcesFiltering - Copying 0 resource from src\test\resources to target\test-classes
2025-06-06 10:02:24,473 [Worker-49: Building] INFO  o.a.m.s.f.DefaultMavenResourcesFiltering - Copying 3 resources from src\main\resources to target\classes
2025-06-06 10:02:24,476 [Worker-49: Building] INFO  o.a.m.s.f.DefaultMavenResourcesFiltering - Copying 0 resource from src\test\resources to target\test-classes
2025-06-06 10:02:30,470 [Worker-49: Building] INFO  o.a.m.s.f.DefaultMavenResourcesFiltering - Copying 3 resources from src\main\resources to target\classes
2025-06-06 10:02:30,473 [Worker-49: Building] INFO  o.a.m.s.f.DefaultMavenResourcesFiltering - Copying 0 resource from src\test\resources to target\test-classes
2025-06-06 10:02:57,664 [Worker-25: Building] INFO  o.a.m.s.f.DefaultMavenResourcesFiltering - Copying 3 resources from src\main\resources to target\classes
2025-06-06 10:02:57,668 [Worker-25: Building] INFO  o.a.m.s.f.DefaultMavenResourcesFiltering - Copying 0 resource from src\test\resources to target\test-classes
2025-06-06 10:03:06,344 [Worker-50: Building] INFO  o.a.m.s.f.DefaultMavenResourcesFiltering - Copying 3 resources from src\main\resources to target\classes
2025-06-06 10:03:06,347 [Worker-50: Building] INFO  o.a.m.s.f.DefaultMavenResourcesFiltering - Copying 0 resource from src\test\resources to target\test-classes
2025-06-06 10:03:08,495 [Worker-52: Building] INFO  o.a.m.s.f.DefaultMavenResourcesFiltering - Copying 3 resources from src\main\resources to target\classes
2025-06-06 10:03:08,499 [Worker-52: Building] INFO  o.a.m.s.f.DefaultMavenResourcesFiltering - Copying 0 resource from src\test\resources to target\test-classes
2025-06-06 10:03:58,779 [Worker-49: Building] INFO  o.a.m.s.f.DefaultMavenResourcesFiltering - Copying 3 resources from src\main\resources to target\classes
2025-06-06 10:03:58,783 [Worker-49: Building] INFO  o.a.m.s.f.DefaultMavenResourcesFiltering - Copying 0 resource from src\test\resources to target\test-classes
2025-06-06 10:04:50,412 [Worker-50: Building] INFO  o.a.m.s.f.DefaultMavenResourcesFiltering - Copying 3 resources from src\main\resources to target\classes
2025-06-06 10:04:50,416 [Worker-50: Building] INFO  o.a.m.s.f.DefaultMavenResourcesFiltering - Copying 0 resource from src\test\resources to target\test-classes
2025-06-06 10:04:58,112 [Worker-50: Building] INFO  o.a.m.s.f.DefaultMavenResourcesFiltering - Copying 3 resources from src\main\resources to target\classes
2025-06-06 10:04:58,117 [Worker-50: Building] INFO  o.a.m.s.f.DefaultMavenResourcesFiltering - Copying 0 resource from src\test\resources to target\test-classes
2025-06-06 10:05:12,027 [Worker-53: Building] INFO  o.a.m.s.f.DefaultMavenResourcesFiltering - Copying 3 resources from src\main\resources to target\classes
2025-06-06 10:05:12,030 [Worker-53: Building] INFO  o.a.m.s.f.DefaultMavenResourcesFiltering - Copying 0 resource from src\test\resources to target\test-classes
2025-06-06 10:07:05,036 [Worker-49: Building] INFO  o.a.m.s.f.DefaultMavenResourcesFiltering - Copying 3 resources from src\main\resources to target\classes
2025-06-06 10:07:05,039 [Worker-49: Building] INFO  o.a.m.s.f.DefaultMavenResourcesFiltering - Copying 0 resource from src\test\resources to target\test-classes
2025-06-06 10:09:12,524 [Worker-25: Building] INFO  o.a.m.s.f.DefaultMavenResourcesFiltering - Copying 3 resources from src\main\resources to target\classes
2025-06-06 10:09:12,527 [Worker-25: Building] INFO  o.a.m.s.f.DefaultMavenResourcesFiltering - Copying 0 resource from src\test\resources to target\test-classes
2025-06-06 10:09:24,488 [Worker-25: Building] INFO  o.a.m.s.f.DefaultMavenResourcesFiltering - Copying 3 resources from src\main\resources to target\classes
2025-06-06 10:09:24,493 [Worker-25: Building] INFO  o.a.m.s.f.DefaultMavenResourcesFiltering - Copying 0 resource from src\test\resources to target\test-classes
2025-06-06 10:09:33,542 [Worker-54: Building] INFO  o.a.m.s.f.DefaultMavenResourcesFiltering - Copying 3 resources from src\main\resources to target\classes
2025-06-06 10:09:33,547 [Worker-54: Building] INFO  o.a.m.s.f.DefaultMavenResourcesFiltering - Copying 0 resource from src\test\resources to target\test-classes
2025-06-06 10:11:00,753 [Worker-55: Building] INFO  o.a.m.s.f.DefaultMavenResourcesFiltering - Copying 3 resources from src\main\resources to target\classes
2025-06-06 10:11:00,755 [Worker-55: Building] INFO  o.a.m.s.f.DefaultMavenResourcesFiltering - Copying 0 resource from src\test\resources to target\test-classes
2025-06-06 10:11:18,119 [Worker-56: Building] INFO  o.a.m.s.f.DefaultMavenResourcesFiltering - Copying 3 resources from src\main\resources to target\classes
2025-06-06 10:11:18,123 [Worker-56: Building] INFO  o.a.m.s.f.DefaultMavenResourcesFiltering - Copying 0 resource from src\test\resources to target\test-classes
2025-06-06 10:11:23,002 [Worker-57: Building] INFO  o.e.m.c.i.l.LifecycleMappingFactory - Using org.eclipse.m2e.jdt.JarLifecycleMapping lifecycle mapping for MavenProject: nit:i8n:0.0.1-SNAPSHOT @ C:\data\spring\i8n\pom.xml.
2025-06-06 10:11:23,104 [Worker-56: Updating Maven Project] INFO  o.e.m.c.i.p.ProjectConfigurationManager - Update started
2025-06-06 10:11:23,150 [Worker-56: Updating Maven Project] INFO  o.e.m.c.i.l.LifecycleMappingFactory - Using org.eclipse.m2e.jdt.JarLifecycleMapping lifecycle mapping for MavenProject: nit:i8n:0.0.1-SNAPSHOT @ C:\data\spring\i8n\pom.xml.
2025-06-06 10:11:23,225 [Worker-56: Updating Maven Project] INFO  o.e.m.j.i.AbstractJavaProjectConfigurator - Adding source folder /i8n/src/main/java
2025-06-06 10:11:23,229 [Worker-56: Updating Maven Project] INFO  o.e.m.j.i.AbstractJavaProjectConfigurator - Adding resource folder /i8n/src/main/resources
2025-06-06 10:11:23,235 [Worker-56: Updating Maven Project] INFO  o.e.m.j.i.AbstractJavaProjectConfigurator - Adding source folder /i8n/src/test/java
2025-06-06 10:11:23,236 [Worker-56: Updating Maven Project] INFO  o.e.m.j.i.AbstractJavaProjectConfigurator - Adding resource folder /i8n/src/test/resources
2025-06-06 10:11:23,328 [Worker-56: Updating Maven Project] INFO  o.e.m.c.i.p.ProjectConfigurationManager - Update completed for 1 poms: local refresh takes 0.00 sec, refresh facades takes 0.00 sec, update config takes 0.00 sec 
2025-06-06 10:11:23,685 [Worker-55: Updating Maven Dependencies] INFO  o.e.m.c.i.l.LifecycleMappingFactory - Using org.eclipse.m2e.jdt.JarLifecycleMapping lifecycle mapping for MavenProject: nit:i8n:0.0.1-SNAPSHOT @ C:\data\spring\i8n\pom.xml.
2025-06-06 10:11:24,695 [Worker-49: Building] INFO  o.a.m.s.f.DefaultMavenResourcesFiltering - Copying 2 resources from src\main\resources to target\classes
2025-06-06 10:11:24,712 [Worker-49: Building] INFO  o.a.m.s.f.DefaultMavenResourcesFiltering - Copying 0 resource from src\test\resources to target\test-classes
2025-06-06 10:12:42,394 [Worker-56: Building] INFO  o.a.m.s.f.DefaultMavenResourcesFiltering - Copying 3 resources from src\main\resources to target\classes
2025-06-06 10:12:42,397 [Worker-56: Building] INFO  o.a.m.s.f.DefaultMavenResourcesFiltering - Copying 0 resource from src\test\resources to target\test-classes
2025-06-06 10:12:46,666 [Worker-54: Building] INFO  o.a.m.s.f.DefaultMavenResourcesFiltering - Copying 3 resources from src\main\resources to target\classes
2025-06-06 10:12:46,671 [Worker-54: Building] INFO  o.a.m.s.f.DefaultMavenResourcesFiltering - Copying 0 resource from src\test\resources to target\test-classes
2025-06-06 10:12:48,914 [Worker-56: Building] INFO  o.a.m.s.f.DefaultMavenResourcesFiltering - Copying 3 resources from src\main\resources to target\classes
2025-06-06 10:12:48,919 [Worker-56: Building] INFO  o.a.m.s.f.DefaultMavenResourcesFiltering - Copying 0 resource from src\test\resources to target\test-classes
2025-06-06 10:13:20,402 [Worker-56: Building] INFO  o.a.m.s.f.DefaultMavenResourcesFiltering - Copying 3 resources from src\main\resources to target\classes
2025-06-06 10:13:20,407 [Worker-56: Building] INFO  o.a.m.s.f.DefaultMavenResourcesFiltering - Copying 0 resource from src\test\resources to target\test-classes
2025-06-06 10:13:25,571 [Worker-56: Building] INFO  o.a.m.s.f.DefaultMavenResourcesFiltering - Copying 3 resources from src\main\resources to target\classes
2025-06-06 10:13:25,575 [Worker-56: Building] INFO  o.a.m.s.f.DefaultMavenResourcesFiltering - Copying 0 resource from src\test\resources to target\test-classes
2025-06-06 10:14:11,093 [Worker-56: Building] INFO  o.a.m.s.f.DefaultMavenResourcesFiltering - Copying 3 resources from src\main\resources to target\classes
2025-06-06 10:14:11,096 [Worker-56: Building] INFO  o.a.m.s.f.DefaultMavenResourcesFiltering - Copying 0 resource from src\test\resources to target\test-classes
2025-06-06 10:15:21,792 [Worker-25: Building] INFO  o.a.m.s.f.DefaultMavenResourcesFiltering - Copying 3 resources from src\main\resources to target\classes
2025-06-06 10:15:21,795 [Worker-25: Building] INFO  o.a.m.s.f.DefaultMavenResourcesFiltering - Copying 0 resource from src\test\resources to target\test-classes
2025-06-06 10:15:25,007 [Worker-49: Building] INFO  o.a.m.s.f.DefaultMavenResourcesFiltering - Copying 3 resources from src\main\resources to target\classes
2025-06-06 10:15:25,011 [Worker-49: Building] INFO  o.a.m.s.f.DefaultMavenResourcesFiltering - Copying 0 resource from src\test\resources to target\test-classes
2025-06-06 10:19:19,280 [Worker-25: Building] INFO  o.a.m.s.f.DefaultMavenResourcesFiltering - Copying 3 resources from src\main\resources to target\classes
2025-06-06 10:19:19,284 [Worker-25: Building] INFO  o.a.m.s.f.DefaultMavenResourcesFiltering - Copying 0 resource from src\test\resources to target\test-classes
2025-06-06 10:19:36,580 [Worker-25: Building] INFO  o.a.m.s.f.DefaultMavenResourcesFiltering - Copying 1 resource from src\main\resources to target\classes
2025-06-06 10:19:36,586 [Worker-25: Building] INFO  o.a.m.s.f.DefaultMavenResourcesFiltering - Copying 0 resource from src\test\resources to target\test-classes
2025-06-06 10:19:52,520 [Worker-58: Building] INFO  o.a.m.s.f.DefaultMavenResourcesFiltering - Copying 3 resources from src\main\resources to target\classes
2025-06-06 10:19:52,524 [Worker-58: Building] INFO  o.a.m.s.f.DefaultMavenResourcesFiltering - Copying 0 resource from src\test\resources to target\test-classes
2025-06-06 10:20:45,916 [Worker-59: Building] INFO  o.a.m.s.f.DefaultMavenResourcesFiltering - Copying 3 resources from src\main\resources to target\classes
2025-06-06 10:20:45,921 [Worker-59: Building] INFO  o.a.m.s.f.DefaultMavenResourcesFiltering - Copying 0 resource from src\test\resources to target\test-classes
2025-06-06 10:20:47,077 [Worker-25: Building] INFO  o.a.m.s.f.DefaultMavenResourcesFiltering - Copying 3 resources from src\main\resources to target\classes
2025-06-06 10:20:47,082 [Worker-25: Building] INFO  o.a.m.s.f.DefaultMavenResourcesFiltering - Copying 0 resource from src\test\resources to target\test-classes
2025-06-06 10:22:05,125 [Worker-55: Building] INFO  o.a.m.s.f.DefaultMavenResourcesFiltering - Copying 3 resources from src\main\resources to target\classes
2025-06-06 10:22:05,130 [Worker-55: Building] INFO  o.a.m.s.f.DefaultMavenResourcesFiltering - Copying 0 resource from src\test\resources to target\test-classes
2025-06-06 10:24:10,585 [Worker-49: Building] INFO  o.a.m.s.f.DefaultMavenResourcesFiltering - Copying 3 resources from src\main\resources to target\classes
2025-06-06 10:24:10,588 [Worker-49: Building] INFO  o.a.m.s.f.DefaultMavenResourcesFiltering - Copying 0 resource from src\test\resources to target\test-classes
2025-06-06 10:25:10,336 [Worker-25: Building] INFO  o.e.m.c.i.l.LifecycleMappingFactory - Using org.eclipse.m2e.jdt.JarLifecycleMapping lifecycle mapping for MavenProject: nit:Internationalization_i18n_Comprehensive_Task:0.0.1-SNAPSHOT @ C:\data\spring\Internationalization_i18n_Comprehensive_Task\pom.xml.
2025-06-06 10:25:10,432 [Worker-59: Updating Maven Project] INFO  o.e.m.c.i.p.ProjectConfigurationManager - Update started
2025-06-06 10:25:10,475 [Worker-59: Updating Maven Project] INFO  o.e.m.c.i.l.LifecycleMappingFactory - Using org.eclipse.m2e.jdt.JarLifecycleMapping lifecycle mapping for MavenProject: nit:Internationalization_i18n_Comprehensive_Task:0.0.1-SNAPSHOT @ C:\data\spring\Internationalization_i18n_Comprehensive_Task\pom.xml.
2025-06-06 10:25:10,538 [Worker-59: Updating Maven Project] INFO  o.e.m.j.i.AbstractJavaProjectConfigurator - Adding source folder /Internationalization_i18n_Comprehensive_Task/src/main/java
2025-06-06 10:25:10,539 [Worker-59: Updating Maven Project] INFO  o.e.m.j.i.AbstractJavaProjectConfigurator - Adding resource folder /Internationalization_i18n_Comprehensive_Task/src/main/resources
2025-06-06 10:25:10,544 [Worker-59: Updating Maven Project] INFO  o.e.m.j.i.AbstractJavaProjectConfigurator - Adding source folder /Internationalization_i18n_Comprehensive_Task/src/test/java
2025-06-06 10:25:10,545 [Worker-59: Updating Maven Project] INFO  o.e.m.j.i.AbstractJavaProjectConfigurator - Adding resource folder /Internationalization_i18n_Comprehensive_Task/src/test/resources
2025-06-06 10:25:10,636 [Worker-59: Updating Maven Project] INFO  o.e.m.c.i.p.ProjectConfigurationManager - Update completed for 1 poms: local refresh takes 0.00 sec, refresh facades takes 0.00 sec, update config takes 0.00 sec 
2025-06-06 10:25:10,969 [Worker-25: Building] INFO  o.a.m.s.f.DefaultMavenResourcesFiltering - Copying 3 resources from src\main\resources to target\classes
2025-06-06 10:25:10,981 [Worker-25: Building] INFO  o.a.m.s.f.DefaultMavenResourcesFiltering - Copying 0 resource from src\test\resources to target\test-classes
2025-06-06 10:25:11,178 [Worker-25: Updating Maven Dependencies] INFO  o.e.m.c.i.l.LifecycleMappingFactory - Using org.eclipse.m2e.jdt.JarLifecycleMapping lifecycle mapping for MavenProject: nit:Internationalization_i18n_Comprehensive_Task:0.0.1-SNAPSHOT @ C:\data\spring\Internationalization_i18n_Comprehensive_Task\pom.xml.
2025-06-06 10:25:51,685 [Worker-57: Building] INFO  o.a.m.s.f.DefaultMavenResourcesFiltering - Copying 3 resources from src\main\resources to target\classes
2025-06-06 10:25:51,690 [Worker-57: Building] INFO  o.a.m.s.f.DefaultMavenResourcesFiltering - Copying 0 resource from src\test\resources to target\test-classes
2025-06-06 10:26:18,216 [Worker-49: Updating Maven Dependencies] ERROR o.e.m.j.i.l.MavenLaunchConfigurationListener - Launch configuration App references closed project i8n
org.eclipse.core.runtime.CoreException: Launch configuration App references closed project i8n
	at org.eclipse.jdt.launching.JavaRuntime.abort(JavaRuntime.java:1871)
	at org.eclipse.jdt.launching.JavaRuntime.getJavaProject(JavaRuntime.java:1745)
	at org.eclipse.m2e.jdt.internal.launch.MavenLaunchConfigurationListener.updateLaunchConfiguration(MavenLaunchConfigurationListener.java:66)
	at org.eclipse.m2e.jdt.internal.launch.MavenLaunchConfigurationListener.launchConfigurationChanged(MavenLaunchConfigurationListener.java:52)
	at org.eclipse.debug.internal.core.LaunchManager$ConfigurationNotifier.run(LaunchManager.java:220)
	at org.eclipse.core.runtime.SafeRunner.run(SafeRunner.java:47)
	at org.eclipse.debug.internal.core.LaunchManager$ConfigurationNotifier.notify(LaunchManager.java:204)
	at org.eclipse.debug.internal.core.LaunchConfigurationWorkingCopy.setDirty(LaunchConfigurationWorkingCopy.java:527)
	at org.eclipse.debug.internal.core.LaunchConfigurationWorkingCopy.setAttribute(LaunchConfigurationWorkingCopy.java:415)
	at org.eclipse.m2e.jdt.internal.launch.MavenRuntimeClasspathProvider.disable(MavenRuntimeClasspathProvider.java:409)
	at org.eclipse.m2e.jdt.internal.launch.MavenRuntimeClasspathProvider.disable(MavenRuntimeClasspathProvider.java:435)
	at org.eclipse.m2e.jdt.internal.launch.MavenLaunchConfigurationListener.mavenProjectChanged(MavenLaunchConfigurationListener.java:137)
	at org.eclipse.m2e.core.internal.project.registry.ProjectRegistryManager.notifyProjectChangeListeners(ProjectRegistryManager.java:892)
	at org.eclipse.m2e.core.internal.project.registry.ProjectRegistryManager.applyMutableProjectRegistry(ProjectRegistryManager.java:1042)
	at org.eclipse.m2e.core.internal.project.registry.ProjectRegistryRefreshJob.lambda$0(ProjectRegistryRefreshJob.java:162)
	at org.eclipse.m2e.core.internal.embedder.MavenExecutionContext.executeBare(MavenExecutionContext.java:458)
	at org.eclipse.m2e.core.internal.embedder.MavenExecutionContext.execute(MavenExecutionContext.java:339)
	at org.eclipse.m2e.core.internal.embedder.MavenExecutionContext.execute(MavenExecutionContext.java:278)
	at org.eclipse.m2e.core.internal.project.registry.ProjectRegistryRefreshJob.run(ProjectRegistryRefreshJob.java:106)
	at org.eclipse.core.internal.jobs.Worker.run(Worker.java:63)
2025-06-06 10:26:18,252 [Worker-49: Updating Maven Dependencies] ERROR o.e.m.j.i.l.MavenLaunchConfigurationListener - Launch configuration App references closed project i8n
org.eclipse.core.runtime.CoreException: Launch configuration App references closed project i8n
	at org.eclipse.jdt.launching.JavaRuntime.abort(JavaRuntime.java:1871)
	at org.eclipse.jdt.launching.JavaRuntime.getJavaProject(JavaRuntime.java:1745)
	at org.eclipse.m2e.jdt.internal.launch.MavenLaunchConfigurationListener.updateLaunchConfiguration(MavenLaunchConfigurationListener.java:66)
	at org.eclipse.m2e.jdt.internal.launch.MavenLaunchConfigurationListener.launchConfigurationChanged(MavenLaunchConfigurationListener.java:52)
	at org.eclipse.debug.internal.core.LaunchManager$ConfigurationNotifier.run(LaunchManager.java:220)
	at org.eclipse.core.runtime.SafeRunner.run(SafeRunner.java:47)
	at org.eclipse.debug.internal.core.LaunchManager$ConfigurationNotifier.notify(LaunchManager.java:204)
	at org.eclipse.debug.internal.core.LaunchConfigurationWorkingCopy.setDirty(LaunchConfigurationWorkingCopy.java:527)
	at org.eclipse.debug.internal.core.LaunchConfigurationWorkingCopy.setAttribute(LaunchConfigurationWorkingCopy.java:415)
	at org.eclipse.m2e.jdt.internal.launch.MavenRuntimeClasspathProvider.disable(MavenRuntimeClasspathProvider.java:410)
	at org.eclipse.m2e.jdt.internal.launch.MavenRuntimeClasspathProvider.disable(MavenRuntimeClasspathProvider.java:435)
	at org.eclipse.m2e.jdt.internal.launch.MavenLaunchConfigurationListener.mavenProjectChanged(MavenLaunchConfigurationListener.java:137)
	at org.eclipse.m2e.core.internal.project.registry.ProjectRegistryManager.notifyProjectChangeListeners(ProjectRegistryManager.java:892)
	at org.eclipse.m2e.core.internal.project.registry.ProjectRegistryManager.applyMutableProjectRegistry(ProjectRegistryManager.java:1042)
	at org.eclipse.m2e.core.internal.project.registry.ProjectRegistryRefreshJob.lambda$0(ProjectRegistryRefreshJob.java:162)
	at org.eclipse.m2e.core.internal.embedder.MavenExecutionContext.executeBare(MavenExecutionContext.java:458)
	at org.eclipse.m2e.core.internal.embedder.MavenExecutionContext.execute(MavenExecutionContext.java:339)
	at org.eclipse.m2e.core.internal.embedder.MavenExecutionContext.execute(MavenExecutionContext.java:278)
	at org.eclipse.m2e.core.internal.project.registry.ProjectRegistryRefreshJob.run(ProjectRegistryRefreshJob.java:106)
	at org.eclipse.core.internal.jobs.Worker.run(Worker.java:63)
2025-06-06 10:26:18,260 [Worker-49: Updating Maven Dependencies] ERROR o.e.m.j.i.l.MavenLaunchConfigurationListener - Launch configuration App references closed project i8n
org.eclipse.core.runtime.CoreException: Launch configuration App references closed project i8n
	at org.eclipse.jdt.launching.JavaRuntime.abort(JavaRuntime.java:1871)
	at org.eclipse.jdt.launching.JavaRuntime.getJavaProject(JavaRuntime.java:1745)
	at org.eclipse.m2e.jdt.internal.launch.MavenLaunchConfigurationListener.updateLaunchConfiguration(MavenLaunchConfigurationListener.java:66)
	at org.eclipse.m2e.jdt.internal.launch.MavenLaunchConfigurationListener.launchConfigurationChanged(MavenLaunchConfigurationListener.java:52)
	at org.eclipse.debug.internal.core.LaunchManager$ConfigurationNotifier.run(LaunchManager.java:220)
	at org.eclipse.core.runtime.SafeRunner.run(SafeRunner.java:47)
	at org.eclipse.debug.internal.core.LaunchManager$ConfigurationNotifier.notify(LaunchManager.java:204)
	at org.eclipse.debug.internal.core.LaunchManager.launchConfigurationChanged(LaunchManager.java:2009)
	at org.eclipse.debug.internal.core.LaunchConfigurationWorkingCopy.writeNewFile(LaunchConfigurationWorkingCopy.java:380)
	at org.eclipse.debug.internal.core.LaunchConfigurationWorkingCopy.doSave0(LaunchConfigurationWorkingCopy.java:259)
	at org.eclipse.debug.internal.core.LaunchConfigurationWorkingCopy.doSave(LaunchConfigurationWorkingCopy.java:229)
	at org.eclipse.debug.internal.core.LaunchConfigurationWorkingCopy.doSave(LaunchConfigurationWorkingCopy.java:187)
	at org.eclipse.m2e.jdt.internal.launch.MavenRuntimeClasspathProvider.disable(MavenRuntimeClasspathProvider.java:411)
	at org.eclipse.m2e.jdt.internal.launch.MavenRuntimeClasspathProvider.disable(MavenRuntimeClasspathProvider.java:435)
	at org.eclipse.m2e.jdt.internal.launch.MavenLaunchConfigurationListener.mavenProjectChanged(MavenLaunchConfigurationListener.java:137)
	at org.eclipse.m2e.core.internal.project.registry.ProjectRegistryManager.notifyProjectChangeListeners(ProjectRegistryManager.java:892)
	at org.eclipse.m2e.core.internal.project.registry.ProjectRegistryManager.applyMutableProjectRegistry(ProjectRegistryManager.java:1042)
	at org.eclipse.m2e.core.internal.project.registry.ProjectRegistryRefreshJob.lambda$0(ProjectRegistryRefreshJob.java:162)
	at org.eclipse.m2e.core.internal.embedder.MavenExecutionContext.executeBare(MavenExecutionContext.java:458)
	at org.eclipse.m2e.core.internal.embedder.MavenExecutionContext.execute(MavenExecutionContext.java:339)
	at org.eclipse.m2e.core.internal.embedder.MavenExecutionContext.execute(MavenExecutionContext.java:278)
	at org.eclipse.m2e.core.internal.project.registry.ProjectRegistryRefreshJob.run(ProjectRegistryRefreshJob.java:106)
	at org.eclipse.core.internal.jobs.Worker.run(Worker.java:63)
2025-06-06 10:29:49,688 [Worker-58: Building] INFO  o.a.m.s.f.DefaultMavenResourcesFiltering - Copying 1 resource from src\main\resources to target\classes
2025-06-06 10:29:49,693 [Worker-58: Building] INFO  o.a.m.s.f.DefaultMavenResourcesFiltering - Copying 0 resource from src\test\resources to target\test-classes
